date,jjjz,ljjz,rate,units,totalCost,cost,incomeTotal,income,incomePercent,incomeDay
2017-11-03 00:00:00,1.0,1.0,0.0,0.0,0.0,0.0,0.0,0.0,0.0,0.0
2017-11-10 00:00:00,1.0003,1.0003,0.03,0.0,0.0,0.0,0.0,0.0,0.0,0.0
2017-11-17 00:00:00,1.0009,1.0009,0.06,0.0,0.0,0.0,0.0,0.0,0.0,0.0
2017-11-24 00:00:00,1.0013,1.0013,0.04,0.0,0.0,0.0,0.0,0.0,0.0,0.0
2017-12-01 00:00:00,1.0017,1.0017,0.04,0.0,0.0,0.0,0.0,0.0,0.0,0.0
2017-12-06 00:00:00,1.0022,1.0022,0.05,0.0,0.0,0.0,0.0,0.0,0.0,0.0
2017-12-07 00:00:00,1.0022,1.0022,0.0,0.0,0.0,0.0,0.0,0.0,0.0,0.0
2017-12-08 00:00:00,1.0026,1.0026,0.04,0.0,0.0,0.0,0.0,0.0,0.0,0.0
2017-12-11 00:00:00,1.0034,1.0034,0.08,0.0,0.0,0.0,0.0,0.0,0.0,0.0
2017-12-12 00:00:00,1.0034,1.0034,0.0,0.0,0.0,0.0,0.0,0.0,0.0,0.0
2017-12-13 00:00:00,1.0037,1.0037,0.03,0.0,0.0,0.0,0.0,0.0,0.0,0.0
2017-12-14 00:00:00,1.0038,1.0038,0.01,0.0,0.0,0.0,0.0,0.0,0.0,0.0
2017-12-15 00:00:00,1.0037,1.0037,-0.01,0.0,0.0,0.0,0.0,0.0,0.0,-0.0
2017-12-18 00:00:00,1.004,1.004,0.03,0.0,0.0,0.0,0.0,0.0,0.0,0.0
2017-12-19 00:00:00,1.0043,1.0043,0.03,0.0,0.0,0.0,0.0,0.0,0.0,0.0
2017-12-20 00:00:00,1.0046,1.0046,0.03,0.0,0.0,0.0,0.0,0.0,0.0,0.0
2017-12-21 00:00:00,1.0051,1.0051,0.05,0.0,0.0,0.0,0.0,0.0,0.0,0.0
2017-12-22 00:00:00,1.0051,1.0051,0.0,0.0,0.0,0.0,0.0,0.0,0.0,0.0
2017-12-25 00:00:00,1.0053,1.0053,0.02,0.0,0.0,0.0,0.0,0.0,0.0,0.0
2017-12-26 00:00:00,1.0053,1.0053,0.0,0.0,0.0,0.0,0.0,0.0,0.0,0.0
2017-12-27 00:00:00,1.0045,1.0045,-0.08,0.0,0.0,0.0,0.0,0.0,0.0,-0.0
2017-12-28 00:00:00,1.0052,1.0052,0.07,0.0,0.0,0.0,0.0,0.0,0.0,0.0
2017-12-29 00:00:00,1.0056,1.0056,0.04,0.0,0.0,0.0,0.0,0.0,0.0,0.0
2017-12-31 00:00:00,1.0057,1.0057,0.01,0.0,0.0,0.0,0.0,0.0,0.0,0.0
2018-01-02 00:00:00,1.0069,1.0069,0.12,0.0,0.0,0.0,0.0,0.0,0.0,0.0
2018-01-03 00:00:00,1.0076,1.0076,0.07,0.0,0.0,0.0,0.0,0.0,0.0,0.0
2018-01-04 00:00:00,1.0085,1.0085,0.09,0.0,0.0,0.0,0.0,0.0,0.0,0.0
2018-01-05 00:00:00,1.0086,1.0086,0.01,0.0,0.0,0.0,0.0,0.0,0.0,0.0
2018-01-08 00:00:00,1.0092,1.0092,0.06,0.0,0.0,0.0,0.0,0.0,0.0,0.0
2018-01-09 00:00:00,1.0105,1.0105,0.13,0.0,0.0,0.0,0.0,0.0,0.0,0.0
2018-01-10 00:00:00,1.0106,1.0106,0.01,0.0,0.0,0.0,0.0,0.0,0.0,0.0
2018-01-11 00:00:00,1.01,1.01,-0.06,0.0,0.0,0.0,0.0,0.0,0.0,-0.0
2018-01-12 00:00:00,1.0109,1.0109,0.09,0.0,0.0,0.0,0.0,0.0,0.0,0.0
2018-01-15 00:00:00,1.0099,1.0099,-0.1,0.0,0.0,0.0,0.0,0.0,0.0,-0.0
2018-01-16 00:00:00,1.0118,1.0118,0.19,0.0,0.0,0.0,0.0,0.0,0.0,0.0
2018-01-17 00:00:00,1.0095,1.0095,-0.23,0.0,0.0,0.0,0.0,0.0,0.0,-0.0
2018-01-18 00:00:00,1.0104,1.0104,0.09,0.0,0.0,0.0,0.0,0.0,0.0,0.0
2018-01-19 00:00:00,1.0097,1.0097,-0.07,0.0,0.0,0.0,0.0,0.0,0.0,-0.0
2018-01-22 00:00:00,1.0137,1.0137,0.4,0.0,0.0,0.0,0.0,0.0,0.0,0.0
2018-01-23 00:00:00,1.0152,1.0152,0.15,0.0,0.0,0.0,0.0,0.0,0.0,0.0
2018-01-24 00:00:00,1.0149,1.0149,-0.03,0.0,0.0,0.0,0.0,0.0,0.0,-0.0
2018-01-25 00:00:00,1.0135,1.0135,-0.14,0.0,0.0,0.0,0.0,0.0,0.0,-0.0
2018-01-26 00:00:00,1.0145,1.0145,0.1,0.0,0.0,0.0,0.0,0.0,0.0,0.0
2018-01-29 00:00:00,1.0101,1.0101,-0.43,0.0,0.0,0.0,0.0,0.0,0.0,-0.0
2018-01-30 00:00:00,1.0085,1.0085,-0.16,0.0,0.0,0.0,0.0,0.0,0.0,-0.0
2018-01-31 00:00:00,1.0099,1.0099,0.14,0.0,0.0,0.0,0.0,0.0,0.0,0.0
2018-02-01 00:00:00,1.0071,1.0071,-0.28,0.0,0.0,0.0,0.0,0.0,0.0,-0.0
2018-02-02 00:00:00,1.0086,1.0086,0.15,0.0,0.0,0.0,0.0,0.0,0.0,0.0
2018-02-05 00:00:00,1.0071,1.0071,-0.15,0.0,0.0,0.0,0.0,0.0,0.0,-0.0
2018-02-06 00:00:00,0.9986,0.9986,-0.84,0.0,0.0,0.0,0.0,0.0,0.0,-0.0
2018-02-07 00:00:00,0.9926,0.9926,-0.6,0.0,0.0,0.0,0.0,0.0,0.0,-0.0
2018-02-08 00:00:00,0.9922,0.9922,-0.04,0.0,0.0,0.0,0.0,0.0,0.0,-0.0
2018-02-09 00:00:00,0.9843,0.9843,-0.8,0.0,0.0,0.0,0.0,0.0,0.0,-0.0
2018-02-12 00:00:00,0.9897,0.9897,0.55,0.0,0.0,0.0,0.0,0.0,0.0,0.0
2018-02-13 00:00:00,0.9924,0.9924,0.27,0.0,0.0,0.0,0.0,0.0,0.0,0.0
2018-02-14 00:00:00,0.995,0.995,0.26,0.0,0.0,0.0,0.0,0.0,0.0,0.0
2018-02-22 00:00:00,1.0027,1.0027,0.77,0.0,0.0,0.0,0.0,0.0,0.0,0.0
2018-02-23 00:00:00,1.0036,1.0036,0.09,0.0,0.0,0.0,0.0,0.0,0.0,0.0
2018-02-26 00:00:00,1.0069,1.0069,0.33,0.0,0.0,0.0,0.0,0.0,0.0,0.0
2018-02-27 00:00:00,1.0034,1.0034,-0.35,0.0,0.0,0.0,0.0,0.0,0.0,-0.0
2018-02-28 00:00:00,1.0015,1.0015,-0.19,0.0,0.0,0.0,0.0,0.0,0.0,-0.0
2018-03-01 00:00:00,1.0039,1.0039,0.24,0.0,0.0,0.0,0.0,0.0,0.0,0.0
2018-03-02 00:00:00,1.0014,1.0014,-0.25,0.0,0.0,0.0,0.0,0.0,0.0,-0.0
2018-03-05 00:00:00,1.001,1.001,-0.04,0.0,0.0,0.0,0.0,0.0,0.0,-0.0
2018-03-06 00:00:00,1.0043,1.0043,0.33,0.0,0.0,0.0,0.0,0.0,0.0,0.0
2018-03-07 00:00:00,1.0024,1.0024,-0.19,0.0,0.0,0.0,0.0,0.0,0.0,-0.0
2018-03-08 00:00:00,1.0053,1.0053,0.29,0.0,0.0,0.0,0.0,0.0,0.0,0.0
2018-03-09 00:00:00,1.0085,1.0085,0.32,0.0,0.0,0.0,0.0,0.0,0.0,0.0
2018-03-12 00:00:00,1.0115,1.0115,0.3,0.0,0.0,0.0,0.0,0.0,0.0,0.0
2018-03-13 00:00:00,1.0093,1.0093,-0.22,0.0,0.0,0.0,0.0,0.0,0.0,-0.0
2018-03-14 00:00:00,1.0075,1.0075,-0.18,0.0,0.0,0.0,0.0,0.0,0.0,-0.0
2018-03-15 00:00:00,1.0097,1.0097,0.22,0.0,0.0,0.0,0.0,0.0,0.0,0.0
2018-03-16 00:00:00,1.0073,1.0073,-0.24,0.0,0.0,0.0,0.0,0.0,0.0,-0.0
2018-03-19 00:00:00,1.0093,1.0093,0.2,0.0,0.0,0.0,0.0,0.0,0.0,0.0
2018-03-20 00:00:00,1.0102,1.0102,0.09,0.0,0.0,0.0,0.0,0.0,0.0,0.0
2018-03-21 00:00:00,1.0078,1.0078,-0.24,0.0,0.0,0.0,0.0,0.0,0.0,-0.0
2018-03-22 00:00:00,1.0048,1.0048,-0.3,0.0,0.0,0.0,0.0,0.0,0.0,-0.0
2018-03-23 00:00:00,0.9981,0.9981,-0.67,0.0,0.0,0.0,0.0,0.0,0.0,-0.0
2018-03-26 00:00:00,1.0007,1.0007,0.26,0.0,0.0,0.0,0.0,0.0,0.0,0.0
2018-03-27 00:00:00,1.0032,1.0032,0.25,0.0,0.0,0.0,0.0,0.0,0.0,0.0
2018-03-28 00:00:00,1.0001,1.0001,-0.31,0.0,0.0,0.0,0.0,0.0,0.0,-0.0
2018-03-29 00:00:00,1.0012,1.0012,0.11,0.0,0.0,0.0,0.0,0.0,0.0,0.0
2018-03-30 00:00:00,1.0041,1.0041,0.29,0.0,0.0,0.0,0.0,0.0,0.0,0.0
2018-04-02 00:00:00,1.0044,1.0044,0.03,0.0,0.0,0.0,0.0,0.0,0.0,0.0
2018-04-03 00:00:00,1.0039,1.0039,-0.05,0.0,0.0,0.0,0.0,0.0,0.0,-0.0
2018-04-04 00:00:00,1.003,1.003,-0.09,0.0,0.0,0.0,0.0,0.0,0.0,-0.0
2018-04-09 00:00:00,1.0041,1.0041,0.11,0.0,0.0,0.0,0.0,0.0,0.0,0.0
2018-04-10 00:00:00,1.006,1.006,0.19,0.0,0.0,0.0,0.0,0.0,0.0,0.0
2018-04-11 00:00:00,1.0067,1.0067,0.07,0.0,0.0,0.0,0.0,0.0,0.0,0.0
2018-04-12 00:00:00,1.0057,1.0057,-0.1,0.0,0.0,0.0,0.0,0.0,0.0,-0.0
2018-04-13 00:00:00,1.0045,1.0045,-0.12,0.0,0.0,0.0,0.0,0.0,0.0,-0.0
2018-04-16 00:00:00,1.0048,1.0048,0.03,0.0,0.0,0.0,0.0,0.0,0.0,0.0
2018-04-17 00:00:00,1.0004,1.0004,-0.44,0.0,0.0,0.0,0.0,0.0,0.0,-0.0
2018-04-18 00:00:00,1.0056,1.0056,0.52,0.0,0.0,0.0,0.0,0.0,0.0,0.0
2018-04-19 00:00:00,1.0072,1.0072,0.16,0.0,0.0,0.0,0.0,0.0,0.0,0.0
2018-04-20 00:00:00,1.0041,1.0041,-0.31,0.0,0.0,0.0,0.0,0.0,0.0,-0.0
2018-04-23 00:00:00,1.001,1.001,-0.31,0.0,0.0,0.0,0.0,0.0,0.0,-0.0
2018-04-24 00:00:00,1.0053,1.0053,0.43,0.0,0.0,0.0,0.0,0.0,0.0,0.0
2018-04-25 00:00:00,1.0058,1.0058,0.05,0.0,0.0,0.0,0.0,0.0,0.0,0.0
2018-04-26 00:00:00,1.0025,1.0025,-0.33,0.0,0.0,0.0,0.0,0.0,0.0,-0.0
2018-04-27 00:00:00,1.0026,1.0026,0.01,0.0,0.0,0.0,0.0,0.0,0.0,0.0
2018-05-02 00:00:00,1.0028,1.0028,0.02,0.0,0.0,0.0,0.0,0.0,0.0,0.0
2018-05-03 00:00:00,1.0043,1.0043,0.15,0.0,0.0,0.0,0.0,0.0,0.0,0.0
2018-05-04 00:00:00,1.0044,1.0044,0.01,0.0,0.0,0.0,0.0,0.0,0.0,0.0
2018-05-07 00:00:00,1.0083,1.0083,0.39,0.0,0.0,0.0,0.0,0.0,0.0,0.0
2018-05-08 00:00:00,1.0093,1.0093,0.1,0.0,0.0,0.0,0.0,0.0,0.0,0.0
2018-05-09 00:00:00,1.0086,1.0086,-0.07,0.0,0.0,0.0,0.0,0.0,0.0,-0.0
2018-05-10 00:00:00,1.0093,1.0093,0.07,0.0,0.0,0.0,0.0,0.0,0.0,0.0
2018-05-11 00:00:00,1.0071,1.0071,-0.22,0.0,0.0,0.0,0.0,0.0,0.0,-0.0
2018-05-14 00:00:00,1.008,1.008,0.09,0.0,0.0,0.0,0.0,0.0,0.0,0.0
2018-05-15 00:00:00,1.0099,1.0099,0.19,0.0,0.0,0.0,0.0,0.0,0.0,0.0
2018-05-16 00:00:00,1.0083,1.0083,-0.16,0.0,0.0,0.0,0.0,0.0,0.0,-0.0
2018-05-17 00:00:00,1.0059,1.0059,-0.24,0.0,0.0,0.0,0.0,0.0,0.0,-0.0
2018-05-18 00:00:00,1.0073,1.0073,0.14,0.0,0.0,0.0,0.0,0.0,0.0,0.0
2018-05-21 00:00:00,1.0094,1.0094,0.21,0.0,0.0,0.0,0.0,0.0,0.0,0.0
2018-05-22 00:00:00,1.01,1.01,0.06,0.0,0.0,0.0,0.0,0.0,0.0,0.0
2018-05-23 00:00:00,1.0078,1.0078,-0.22,0.0,0.0,0.0,0.0,0.0,0.0,-0.0
2018-05-24 00:00:00,1.0062,1.0062,-0.16,0.0,0.0,0.0,0.0,0.0,0.0,-0.0
2018-05-25 00:00:00,1.0053,1.0053,-0.09,0.0,0.0,0.0,0.0,0.0,0.0,-0.0
2018-05-28 00:00:00,1.0065,1.0065,0.12,0.0,0.0,0.0,0.0,0.0,0.0,0.0
2018-05-29 00:00:00,1.0034,1.0034,-0.31,0.0,0.0,0.0,0.0,0.0,0.0,-0.0
2018-05-30 00:00:00,1.0004,1.0004,-0.3,0.0,0.0,0.0,0.0,0.0,0.0,-0.0
2018-05-31 00:00:00,1.0044,1.0044,0.4,0.0,0.0,0.0,0.0,0.0,0.0,0.0
2018-06-01 00:00:00,1.0007,1.0007,-0.37,0.0,0.0,0.0,0.0,0.0,0.0,-0.0
2018-06-04 00:00:00,1.0013,1.0013,0.06,0.0,0.0,0.0,0.0,0.0,0.0,0.0
2018-06-05 00:00:00,1.0053,1.0053,0.4,0.0,0.0,0.0,0.0,0.0,0.0,0.0
2018-06-06 00:00:00,1.0061,1.0061,0.08,0.0,0.0,0.0,0.0,0.0,0.0,0.0
2018-06-07 00:00:00,1.0046,1.0046,-0.15,0.0,0.0,0.0,0.0,0.0,0.0,-0.0
2018-06-08 00:00:00,1.003,1.003,-0.16,0.0,0.0,0.0,0.0,0.0,0.0,-0.0
2018-06-11 00:00:00,1.0019,1.0019,-0.11,0.0,0.0,0.0,0.0,0.0,0.0,-0.0
2018-06-12 00:00:00,1.0049,1.0049,0.3,0.0,0.0,0.0,0.0,0.0,0.0,0.0
2018-06-13 00:00:00,1.0026,1.0026,-0.23,0.0,0.0,0.0,0.0,0.0,0.0,-0.0
2018-06-14 00:00:00,1.0009,1.0009,-0.17,0.0,0.0,0.0,0.0,0.0,0.0,-0.0
2018-06-15 00:00:00,0.9989,0.9989,-0.2,0.0,0.0,0.0,0.0,0.0,0.0,-0.0
2018-06-19 00:00:00,0.9915,0.9915,-0.74,0.0,0.0,0.0,0.0,0.0,0.0,-0.0
2018-06-20 00:00:00,0.9943,0.9943,0.28,0.0,0.0,0.0,0.0,0.0,0.0,0.0
2018-06-21 00:00:00,0.9914,0.9914,-0.29,0.0,0.0,0.0,0.0,0.0,0.0,-0.0
2018-06-22 00:00:00,0.9941,0.9941,0.27,0.0,0.0,0.0,0.0,0.0,0.0,0.0
2018-06-25 00:00:00,0.9921,0.9921,-0.2,0.0,0.0,0.0,0.0,0.0,0.0,-0.0
2018-06-26 00:00:00,0.9922,0.9922,0.01,0.0,0.0,0.0,0.0,0.0,0.0,0.0
2018-06-27 00:00:00,0.9878,0.9878,-0.44,0.0,0.0,0.0,0.0,0.0,0.0,-0.0
2018-06-28 00:00:00,0.9856,0.9856,-0.22,0.0,0.0,0.0,0.0,0.0,0.0,-0.0
2018-06-29 00:00:00,0.994,0.994,0.85,0.0,0.0,0.0,0.0,0.0,0.0,0.0
2018-06-30 00:00:00,0.994,0.994,0.0,0.0,0.0,0.0,0.0,0.0,0.0,0.0
2018-07-02 00:00:00,0.9909,0.9909,-0.31,0.0,0.0,0.0,0.0,0.0,0.0,-0.0
2018-07-03 00:00:00,0.9913,0.9913,0.04,0.0,0.0,0.0,0.0,0.0,0.0,0.0
2018-07-04 00:00:00,0.9876,0.9876,-0.37,0.0,0.0,0.0,0.0,0.0,0.0,-0.0
2018-07-05 00:00:00,0.9853,0.9853,-0.23,0.0,0.0,0.0,0.0,0.0,0.0,-0.0
2018-07-06 00:00:00,0.9871,0.9871,0.18,0.0,0.0,0.0,0.0,0.0,0.0,0.0
2018-07-09 00:00:00,0.9925,0.9925,0.55,0.0,0.0,0.0,0.0,0.0,0.0,0.0
2018-07-10 00:00:00,0.9933,0.9933,0.08,0.0,0.0,0.0,0.0,0.0,0.0,0.0
2018-07-11 00:00:00,0.991,0.991,-0.23,0.0,0.0,0.0,0.0,0.0,0.0,-0.0
2018-07-12 00:00:00,0.9962,0.9962,0.52,0.0,0.0,0.0,0.0,0.0,0.0,0.0
2018-07-13 00:00:00,0.9978,0.9978,0.16,0.0,0.0,0.0,0.0,0.0,0.0,0.0
2018-07-16 00:00:00,0.9982,0.9982,0.04,0.0,0.0,0.0,0.0,0.0,0.0,0.0
2018-07-17 00:00:00,0.9975,0.9975,-0.07,0.0,0.0,0.0,0.0,0.0,0.0,-0.0
2018-07-18 00:00:00,0.9966,0.9966,-0.09,0.0,0.0,0.0,0.0,0.0,0.0,-0.0
2018-07-19 00:00:00,0.9967,0.9967,0.01,0.0,0.0,0.0,0.0,0.0,0.0,0.0
2018-07-20 00:00:00,0.9993,0.9993,0.26,0.0,0.0,0.0,0.0,0.0,0.0,0.0
2018-07-23 00:00:00,1.0,1.0,0.07,0.0,0.0,0.0,0.0,0.0,0.0,0.0
2018-07-24 00:00:00,1.0021,1.0021,0.21,0.0,0.0,0.0,0.0,0.0,0.0,0.0
2018-07-25 00:00:00,1.0027,1.0027,0.06,0.0,0.0,0.0,0.0,0.0,0.0,0.0
2018-07-26 00:00:00,0.9996,0.9996,-0.31,0.0,0.0,0.0,0.0,0.0,0.0,-0.0
2018-07-27 00:00:00,0.9991,0.9991,-0.05,0.0,0.0,0.0,0.0,0.0,0.0,-0.0
2018-07-30 00:00:00,0.9971,0.9971,-0.2,0.0,0.0,0.0,0.0,0.0,0.0,-0.0
2018-07-31 00:00:00,0.9975,0.9975,0.04,0.0,0.0,0.0,0.0,0.0,0.0,0.0
2018-08-01 00:00:00,0.9952,0.9952,-0.23,0.0,0.0,0.0,0.0,0.0,0.0,-0.0
2018-08-02 00:00:00,0.9925,0.9925,-0.27,0.0,0.0,0.0,0.0,0.0,0.0,-0.0
2018-08-03 00:00:00,0.9892,0.9892,-0.33,0.0,0.0,0.0,0.0,0.0,0.0,-0.0
2018-08-06 00:00:00,0.9865,0.9865,-0.27,0.0,0.0,0.0,0.0,0.0,0.0,-0.0
2018-08-07 00:00:00,0.9918,0.9918,0.54,0.0,0.0,0.0,0.0,0.0,0.0,0.0
2018-08-08 00:00:00,0.9885,0.9885,-0.33,0.0,0.0,0.0,0.0,0.0,0.0,-0.0
2018-08-09 00:00:00,0.9932,0.9932,0.48,0.0,0.0,0.0,0.0,0.0,0.0,0.0
2018-08-10 00:00:00,0.9937,0.9937,0.05,0.0,0.0,0.0,0.0,0.0,0.0,0.0
2018-08-13 00:00:00,0.9938,0.9938,0.01,0.0,0.0,0.0,0.0,0.0,0.0,0.0
2018-08-14 00:00:00,0.992,0.992,-0.18,0.0,0.0,0.0,0.0,0.0,0.0,-0.0
2018-08-15 00:00:00,0.9874,0.9874,-0.46,0.0,0.0,0.0,0.0,0.0,0.0,-0.0
2018-08-16 00:00:00,0.9855,0.9855,-0.19,0.0,0.0,0.0,0.0,0.0,0.0,-0.0
2018-08-17 00:00:00,0.9815,0.9815,-0.41,0.0,0.0,0.0,0.0,0.0,0.0,-0.0
2018-08-20 00:00:00,0.9823,0.9823,0.08,0.0,0.0,0.0,0.0,0.0,0.0,0.0
2018-08-21 00:00:00,0.9858,0.9858,0.36,0.0,0.0,0.0,0.0,0.0,0.0,0.0
2018-08-22 00:00:00,0.9842,0.9842,-0.16,0.0,0.0,0.0,0.0,0.0,0.0,-0.0
2018-08-23 00:00:00,0.9864,0.9864,0.22,0.0,0.0,0.0,0.0,0.0,0.0,0.0
2018-08-24 00:00:00,0.9867,0.9867,0.03,0.0,0.0,0.0,0.0,0.0,0.0,0.0
2018-08-27 00:00:00,0.9928,0.9928,0.62,0.0,0.0,0.0,0.0,0.0,0.0,0.0
2018-08-28 00:00:00,0.9929,0.9929,0.01,0.0,0.0,0.0,0.0,0.0,0.0,0.0
2018-08-29 00:00:00,0.9917,0.9917,-0.12,0.0,0.0,0.0,0.0,0.0,0.0,-0.0
2018-08-30 00:00:00,0.9894,0.9894,-0.23,0.0,0.0,0.0,0.0,0.0,0.0,-0.0
2018-08-31 00:00:00,0.9878,0.9878,-0.16,0.0,0.0,0.0,0.0,0.0,0.0,-0.0
2018-09-03 00:00:00,0.9882,0.9882,0.04,0.0,0.0,0.0,0.0,0.0,0.0,0.0
2018-09-04 00:00:00,0.99,0.99,0.18,0.0,0.0,0.0,0.0,0.0,0.0,0.0
2018-09-05 00:00:00,0.9869,0.9869,-0.31,0.0,0.0,0.0,0.0,0.0,0.0,-0.0
2018-09-06 00:00:00,0.9853,0.9853,-0.16,0.0,0.0,0.0,0.0,0.0,0.0,-0.0
2018-09-07 00:00:00,0.9847,0.9847,-0.06,0.0,0.0,0.0,0.0,0.0,0.0,-0.0
2018-09-10 00:00:00,0.9816,0.9816,-0.31,0.0,0.0,0.0,0.0,0.0,0.0,-0.0
2018-09-11 00:00:00,0.9819,0.9819,0.03,0.0,0.0,0.0,0.0,0.0,0.0,0.0
2018-09-12 00:00:00,0.9803,0.9803,-0.16,0.0,0.0,0.0,0.0,0.0,0.0,-0.0
2018-09-13 00:00:00,0.9817,0.9817,0.14,0.0,0.0,0.0,0.0,0.0,0.0,0.0
2018-09-14 00:00:00,0.9799,0.9799,-0.18,0.0,0.0,0.0,0.0,0.0,0.0,-0.0
2018-09-17 00:00:00,0.978,0.978,-0.19,0.0,0.0,0.0,0.0,0.0,0.0,-0.0
2018-09-18 00:00:00,0.9811,0.9811,0.32,0.0,0.0,0.0,0.0,0.0,0.0,0.0
2018-09-19 00:00:00,0.9839,0.9839,0.29,0.0,0.0,0.0,0.0,0.0,0.0,0.0
2018-09-20 00:00:00,0.9835,0.9835,-0.04,0.0,0.0,0.0,0.0,0.0,0.0,-0.0
2018-09-21 00:00:00,0.9872,0.9872,0.38,0.0,0.0,0.0,0.0,0.0,0.0,0.0
2018-09-25 00:00:00,0.9865,0.9865,-0.07,0.0,0.0,0.0,0.0,0.0,0.0,-0.0
2018-09-26 00:00:00,0.9889,0.9889,0.24,0.0,0.0,0.0,0.0,0.0,0.0,0.0
2018-09-27 00:00:00,0.9882,0.9882,-0.07,0.0,0.0,0.0,0.0,0.0,0.0,-0.0
2018-09-28 00:00:00,0.9899,0.9899,0.17,0.0,0.0,0.0,0.0,0.0,0.0,0.0
2018-10-08 00:00:00,0.9813,0.9813,-0.87,0.0,0.0,0.0,0.0,0.0,0.0,-0.0
2018-10-09 00:00:00,0.9804,0.9804,-0.09,0.0,0.0,0.0,0.0,0.0,0.0,-0.0
2018-10-10 00:00:00,0.9788,0.9788,-0.16,0.0,0.0,0.0,0.0,0.0,0.0,-0.0
2018-10-11 00:00:00,0.9709,0.9709,-0.81,0.0,0.0,0.0,0.0,0.0,0.0,-0.0
2018-10-12 00:00:00,0.975,0.975,0.42,0.0,0.0,0.0,0.0,0.0,0.0,0.0
2018-10-15 00:00:00,0.9727,0.9727,-0.24,0.0,0.0,0.0,0.0,0.0,0.0,-0.0
2018-10-16 00:00:00,0.9711,0.9711,-0.16,0.0,0.0,0.0,0.0,0.0,0.0,-0.0
2018-10-17 00:00:00,0.9716,0.9716,0.05,0.0,0.0,0.0,0.0,0.0,0.0,0.0
2018-10-18 00:00:00,0.9686,0.9686,-0.31,0.0,0.0,0.0,0.0,0.0,0.0,-0.0
2018-10-19 00:00:00,0.9738,0.9738,0.54,0.0,0.0,0.0,0.0,0.0,0.0,0.0
2018-10-22 00:00:00,0.9815,0.9815,0.79,0.0,0.0,0.0,0.0,0.0,0.0,0.0
2018-10-23 00:00:00,0.9771,0.9771,-0.45,0.0,0.0,0.0,0.0,0.0,0.0,-0.0
2018-10-24 00:00:00,0.9751,0.9751,-0.2,0.0,0.0,0.0,0.0,0.0,0.0,-0.0
2018-10-25 00:00:00,0.9751,0.9751,0.0,0.0,0.0,0.0,0.0,0.0,0.0,0.0
2018-10-26 00:00:00,0.973,0.973,-0.22,0.0,0.0,0.0,0.0,0.0,0.0,-0.0
2018-10-29 00:00:00,0.9687,0.9687,-0.44,0.0,0.0,0.0,0.0,0.0,0.0,-0.0
2018-10-30 00:00:00,0.9704,0.9704,0.18,0.0,0.0,0.0,0.0,0.0,0.0,0.0
2018-10-31 00:00:00,0.973,0.973,0.27,0.0,0.0,0.0,0.0,0.0,0.0,0.0
2018-11-01 00:00:00,0.9748,0.9748,0.18,0.0,0.0,0.0,0.0,0.0,0.0,0.0
2018-11-02 00:00:00,0.9809,0.9809,0.63,0.0,0.0,0.0,0.0,0.0,0.0,0.0
2018-11-05 00:00:00,0.9795,0.9795,-0.14,0.0,0.0,0.0,0.0,0.0,0.0,-0.0
2018-11-06 00:00:00,0.9794,0.9794,-0.01,0.0,0.0,0.0,0.0,0.0,0.0,-0.0
2018-11-07 00:00:00,0.9792,0.9792,-0.02,0.0,0.0,0.0,0.0,0.0,0.0,-0.0
2018-11-08 00:00:00,0.978,0.978,-0.12,0.0,0.0,0.0,0.0,0.0,0.0,-0.0
2018-11-09 00:00:00,0.9774,0.9774,-0.06,0.0,0.0,0.0,0.0,0.0,0.0,-0.0
2018-11-12 00:00:00,0.9812,0.9812,0.39,0.0,0.0,0.0,0.0,0.0,0.0,0.0
2018-11-13 00:00:00,0.983,0.983,0.18,0.0,0.0,0.0,0.0,0.0,0.0,0.0
2018-11-14 00:00:00,0.9818,0.9818,-0.12,0.0,0.0,0.0,0.0,0.0,0.0,-0.0
2018-11-16 00:00:00,0.9863,0.9863,0.46,0.0,0.0,0.0,0.0,0.0,0.0,0.0
2018-11-19 00:00:00,0.9863,0.9863,0.0,0.0,0.0,0.0,0.0,0.0,0.0,0.0
2018-11-20 00:00:00,0.9818,0.9818,-0.46,0.0,0.0,0.0,0.0,0.0,0.0,-0.0
2018-11-21 00:00:00,0.9827,0.9827,0.09,0.0,0.0,0.0,0.0,0.0,0.0,0.0
2018-11-23 00:00:00,0.9773,0.9773,-0.55,0.0,0.0,0.0,0.0,0.0,0.0,-0.0
2018-11-26 00:00:00,0.9774,0.9774,0.01,0.0,0.0,0.0,0.0,0.0,0.0,0.0
2018-11-27 00:00:00,0.9781,0.9781,0.07,0.0,0.0,0.0,0.0,0.0,0.0,0.0
2018-11-28 00:00:00,0.9808,0.9808,0.28,0.0,0.0,0.0,0.0,0.0,0.0,0.0
2018-11-29 00:00:00,0.9787,0.9787,-0.21,0.0,0.0,0.0,0.0,0.0,0.0,-0.0
2018-11-30 00:00:00,0.9803,0.9803,0.16,0.0,0.0,0.0,0.0,0.0,0.0,0.0
2018-12-03 00:00:00,0.9847,0.9847,0.45,0.0,0.0,0.0,0.0,0.0,0.0,0.0
2018-12-04 00:00:00,0.985,0.985,0.03,0.0,0.0,0.0,0.0,0.0,0.0,0.0
2018-12-05 00:00:00,0.9851,0.9851,0.01,0.0,0.0,0.0,0.0,0.0,0.0,0.0
2018-12-06 00:00:00,0.982,0.982,-0.31,0.0,0.0,0.0,0.0,0.0,0.0,-0.0
2018-12-07 00:00:00,0.9819,0.9819,-0.01,0.0,0.0,0.0,0.0,0.0,0.0,-0.0
2018-12-10 00:00:00,0.9813,0.9813,-0.06,0.0,0.0,0.0,0.0,0.0,0.0,-0.0
2018-12-11 00:00:00,0.9827,0.9827,0.14,0.0,0.0,0.0,0.0,0.0,0.0,0.0
2018-12-12 00:00:00,0.9828,0.9828,0.01,0.0,0.0,0.0,0.0,0.0,0.0,0.0
2018-12-13 00:00:00,0.9843,0.9843,0.15,0.0,0.0,0.0,0.0,0.0,0.0,0.0
2018-12-14 00:00:00,0.9806,0.9806,-0.38,0.0,0.0,0.0,0.0,0.0,0.0,-0.0
2018-12-17 00:00:00,0.9786,0.9786,-0.2,0.0,0.0,0.0,0.0,0.0,0.0,-0.0
2018-12-18 00:00:00,0.9771,0.9771,-0.15,0.0,0.0,0.0,0.0,0.0,0.0,-0.0
2018-12-19 00:00:00,0.975,0.975,-0.21,0.0,0.0,0.0,0.0,0.0,0.0,-0.0
2018-12-20 00:00:00,0.9751,0.9751,0.01,0.0,0.0,0.0,0.0,0.0,0.0,0.0
2018-12-21 00:00:00,0.9742,0.9742,-0.09,0.0,0.0,0.0,0.0,0.0,0.0,-0.0
2018-12-24 00:00:00,0.9758,0.9758,0.16,0.0,0.0,0.0,0.0,0.0,0.0,0.0
2018-12-25 00:00:00,0.9759,0.9759,0.01,0.0,0.0,0.0,0.0,0.0,0.0,0.0
2018-12-26 00:00:00,0.975,0.975,-0.09,0.0,0.0,0.0,0.0,0.0,0.0,-0.0
2018-12-27 00:00:00,0.9741,0.9741,-0.09,0.0,0.0,0.0,0.0,0.0,0.0,-0.0
2018-12-28 00:00:00,0.9754,0.9754,0.13,0.0,0.0,0.0,0.0,0.0,0.0,0.0
2018-12-31 00:00:00,0.9755,0.9755,0.01,0.0,0.0,0.0,0.0,0.0,0.0,0.0
2019-01-02 00:00:00,0.9747,0.9747,-0.08,0.0,0.0,0.0,0.0,0.0,0.0,-0.0
2019-01-03 00:00:00,0.9747,0.9747,0.0,0.0,0.0,0.0,0.0,0.0,0.0,0.0
2019-01-04 00:00:00,0.9781,0.9781,0.35,0.0,0.0,0.0,0.0,0.0,0.0,0.0
2019-01-07 00:00:00,0.9811,0.9811,0.31,0.0,0.0,0.0,0.0,0.0,0.0,0.0
2019-01-08 00:00:00,0.9814,0.9814,0.03,0.0,0.0,0.0,0.0,0.0,0.0,0.0
2019-01-09 00:00:00,0.9824,0.9824,0.1,0.0,0.0,0.0,0.0,0.0,0.0,0.0
2019-01-10 00:00:00,0.9826,0.9826,0.02,0.0,0.0,0.0,0.0,0.0,0.0,0.0
2019-01-11 00:00:00,0.9832,0.9832,0.06,0.0,0.0,0.0,0.0,0.0,0.0,0.0
2019-01-14 00:00:00,0.9817,0.9817,-0.15,0.0,0.0,0.0,0.0,0.0,0.0,-0.0
2019-01-15 00:00:00,0.9842,0.9842,0.25,0.0,0.0,0.0,0.0,0.0,0.0,0.0
2019-01-16 00:00:00,0.9847,0.9847,0.05,0.0,0.0,0.0,0.0,0.0,0.0,0.0
2019-01-17 00:00:00,0.9838,0.9838,-0.09,0.0,0.0,0.0,0.0,0.0,0.0,-0.0
2019-01-18 00:00:00,0.9861,0.9861,0.23,0.0,0.0,0.0,0.0,0.0,0.0,0.0
2019-01-21 00:00:00,0.9874,0.9874,0.13,0.0,0.0,0.0,0.0,0.0,0.0,0.0
2019-01-22 00:00:00,0.985,0.985,-0.24,0.0,0.0,0.0,0.0,0.0,0.0,-0.0
2019-01-23 00:00:00,0.9854,0.9854,0.04,0.0,0.0,0.0,0.0,0.0,0.0,0.0
2019-01-24 00:00:00,0.9868,0.9868,0.14,0.0,0.0,0.0,0.0,0.0,0.0,0.0
2019-01-25 00:00:00,0.988,0.988,0.12,0.0,0.0,0.0,0.0,0.0,0.0,0.0
2019-01-28 00:00:00,0.9881,0.9881,0.01,0.0,0.0,0.0,0.0,0.0,0.0,0.0
2019-01-29 00:00:00,0.988,0.988,-0.01,0.0,0.0,0.0,0.0,0.0,0.0,-0.0
2019-01-30 00:00:00,0.9867,0.9867,-0.13,0.0,0.0,0.0,0.0,0.0,0.0,-0.0
2019-01-31 00:00:00,0.9876,0.9876,0.09,0.0,0.0,0.0,0.0,0.0,0.0,0.0
2019-02-01 00:00:00,0.9919,0.9919,0.44,0.0,0.0,0.0,0.0,0.0,0.0,0.0
2019-02-11 00:00:00,0.9967,0.9967,0.48,0.0,0.0,0.0,0.0,0.0,0.0,0.0
2019-02-12 00:00:00,0.9982,0.9982,0.15,0.0,0.0,0.0,0.0,0.0,0.0,0.0
2019-02-13 00:00:00,1.0013,1.0013,0.31,0.0,0.0,0.0,0.0,0.0,0.0,0.0
2019-02-14 00:00:00,1.0022,1.0022,0.09,0.0,0.0,0.0,0.0,0.0,0.0,0.0
2019-02-15 00:00:00,0.9997,0.9997,-0.25,0.0,0.0,0.0,0.0,0.0,0.0,-0.0
2019-02-18 00:00:00,1.0065,1.0065,0.68,0.0,0.0,0.0,0.0,0.0,0.0,0.0
2019-02-19 00:00:00,1.0056,1.0056,-0.09,0.0,0.0,0.0,0.0,0.0,0.0,-0.0
2019-02-20 00:00:00,1.0062,1.0062,0.06,0.0,0.0,0.0,0.0,0.0,0.0,0.0
2019-02-21 00:00:00,1.0059,1.0059,-0.03,0.0,0.0,0.0,0.0,0.0,0.0,-0.0
2019-02-22 00:00:00,1.0114,1.0114,0.55,0.0,0.0,0.0,0.0,0.0,0.0,0.0
2019-02-25 00:00:00,1.0229,1.0229,1.14,0.0,0.0,0.0,0.0,0.0,0.0,0.0
2019-02-26 00:00:00,1.0192,1.0192,-0.36,0.0,0.0,0.0,0.0,0.0,0.0,-0.0
2019-02-27 00:00:00,1.0165,1.0165,-0.26,0.0,0.0,0.0,0.0,0.0,0.0,-0.0
2019-02-28 00:00:00,1.0172,1.0172,0.07,0.0,0.0,0.0,0.0,0.0,0.0,0.0
2019-03-01 00:00:00,1.0199,1.0199,0.27,0.0,0.0,0.0,0.0,0.0,0.0,0.0
2019-03-04 00:00:00,1.0227,1.0227,0.27,0.0,0.0,0.0,0.0,0.0,0.0,0.0
2019-03-05 00:00:00,1.0262,1.0262,0.34,0.0,0.0,0.0,0.0,0.0,0.0,0.0
2019-03-06 00:00:00,1.0267,1.0267,0.05,0.0,0.0,0.0,0.0,0.0,0.0,0.0
2019-03-07 00:00:00,1.0253,1.0253,-0.14,0.0,0.0,0.0,0.0,0.0,0.0,-0.0
2019-03-08 00:00:00,1.021,1.021,-0.42,0.0,0.0,0.0,0.0,0.0,0.0,-0.0
2019-03-11 00:00:00,1.0284,1.0284,0.72,0.0,0.0,0.0,0.0,0.0,0.0,0.0
2019-03-12 00:00:00,1.033,1.033,0.45,0.0,0.0,0.0,0.0,0.0,0.0,0.0
2019-03-13 00:00:00,1.027,1.027,-0.58,0.0,0.0,0.0,0.0,0.0,0.0,-0.0
2019-03-14 00:00:00,1.023,1.023,-0.39,0.0,0.0,0.0,0.0,0.0,0.0,-0.0
2019-03-15 00:00:00,1.0255,1.0255,0.24,0.0,0.0,0.0,0.0,0.0,0.0,0.0
2019-03-18 00:00:00,1.031,1.031,0.54,0.0,0.0,0.0,0.0,0.0,0.0,0.0
2019-03-19 00:00:00,1.0311,1.0311,0.01,0.0,0.0,0.0,0.0,0.0,0.0,0.0
2019-03-20 00:00:00,1.0299,1.0299,-0.12,0.0,0.0,0.0,0.0,0.0,0.0,-0.0
2019-03-21 00:00:00,1.0316,1.0316,0.17,0.0,0.0,0.0,0.0,0.0,0.0,0.0
2019-03-22 00:00:00,1.0317,1.0317,0.01,0.0,0.0,0.0,0.0,0.0,0.0,0.0
2019-03-25 00:00:00,1.0295,1.0295,-0.21,0.0,0.0,0.0,0.0,0.0,0.0,-0.0
2019-03-26 00:00:00,1.0257,1.0257,-0.37,0.0,0.0,0.0,0.0,0.0,0.0,-0.0
2019-03-27 00:00:00,1.0276,1.0276,0.19,0.0,0.0,0.0,0.0,0.0,0.0,0.0
2019-03-28 00:00:00,1.027,1.027,-0.06,0.0,0.0,0.0,0.0,0.0,0.0,-0.0
2019-03-29 00:00:00,1.0361,1.0361,0.89,0.0,0.0,0.0,0.0,0.0,0.0,0.0
2019-04-01 00:00:00,1.0435,1.0435,0.71,0.0,0.0,0.0,0.0,0.0,0.0,0.0
2019-04-02 00:00:00,1.0428,1.0428,-0.07,0.0,0.0,0.0,0.0,0.0,0.0,-0.0
2019-04-03 00:00:00,1.0462,1.0462,0.33,0.0,0.0,0.0,0.0,0.0,0.0,0.0
2019-04-04 00:00:00,1.0474,1.0474,0.11,0.0,0.0,0.0,0.0,0.0,0.0,0.0
2019-04-08 00:00:00,1.0434,1.0434,-0.38,0.0,0.0,0.0,0.0,0.0,0.0,-0.0
2019-04-09 00:00:00,1.0434,1.0434,0.0,0.0,0.0,0.0,0.0,0.0,0.0,0.0
2019-04-10 00:00:00,1.043,1.043,-0.04,0.0,0.0,0.0,0.0,0.0,0.0,-0.0
2019-04-11 00:00:00,1.0353,1.0353,-0.74,0.0,0.0,0.0,0.0,0.0,0.0,-0.0
2019-04-12 00:00:00,1.0348,1.0348,-0.05,0.0,0.0,0.0,0.0,0.0,0.0,-0.0
2019-04-15 00:00:00,1.0313,1.0313,-0.34,0.0,0.0,0.0,0.0,0.0,0.0,-0.0
2019-04-16 00:00:00,1.0371,1.0371,0.56,0.0,0.0,0.0,0.0,0.0,0.0,0.0
2019-04-17 00:00:00,1.0384,1.0384,0.13,0.0,0.0,0.0,0.0,0.0,0.0,0.0
2019-04-18 00:00:00,1.0375,1.0375,-0.09,0.0,0.0,0.0,0.0,0.0,0.0,-0.0
2019-04-19 00:00:00,1.0403,1.0403,0.27,0.0,0.0,0.0,0.0,0.0,0.0,0.0
2019-04-22 00:00:00,1.0349,1.0349,-0.52,0.0,0.0,0.0,0.0,0.0,0.0,-0.0
2019-04-23 00:00:00,1.0335,1.0335,-0.14,0.0,0.0,0.0,0.0,0.0,0.0,-0.0
2019-04-24 00:00:00,1.0346,1.0346,0.11,0.0,0.0,0.0,0.0,0.0,0.0,0.0
2019-04-25 00:00:00,1.0284,1.0284,-0.6,0.0,0.0,0.0,0.0,0.0,0.0,-0.0
2019-04-26 00:00:00,1.0266,1.0266,-0.18,0.0,0.0,0.0,0.0,0.0,0.0,-0.0
2019-04-29 00:00:00,1.0263,1.0263,-0.03,0.0,0.0,0.0,0.0,0.0,0.0,-0.0
2019-04-30 00:00:00,1.0272,1.0272,0.09,0.0,0.0,0.0,0.0,0.0,0.0,0.0
2019-05-06 00:00:00,1.0115,1.0115,-1.53,0.0,0.0,0.0,0.0,0.0,0.0,-0.0
2019-05-07 00:00:00,1.0158,1.0158,0.43,0.0,0.0,0.0,0.0,0.0,0.0,0.0
2019-05-08 00:00:00,1.0131,1.0131,-0.27,0.0,0.0,0.0,0.0,0.0,0.0,-0.0
2019-05-09 00:00:00,1.0095,1.0095,-0.36,0.0,0.0,0.0,0.0,0.0,0.0,-0.0
2019-05-10 00:00:00,1.0202,1.0202,1.06,0.0,0.0,0.0,0.0,0.0,0.0,0.0
2019-05-13 00:00:00,1.0173,1.0173,-0.28,0.0,0.0,0.0,0.0,0.0,0.0,-0.0
2019-05-14 00:00:00,1.016,1.016,-0.13,0.0,0.0,0.0,0.0,0.0,0.0,-0.0
2019-05-15 00:00:00,1.023,1.023,0.69,0.0,0.0,0.0,0.0,0.0,0.0,0.0
2019-05-16 00:00:00,1.0241,1.0241,0.11,0.0,0.0,0.0,0.0,0.0,0.0,0.0
2019-05-17 00:00:00,1.0177,1.0177,-0.62,0.0,0.0,0.0,0.0,0.0,0.0,-0.0
2019-05-20 00:00:00,1.0149,1.0149,-0.28,0.0,0.0,0.0,0.0,0.0,0.0,-0.0
2019-05-21 00:00:00,1.0179,1.0179,0.3,0.0,0.0,0.0,0.0,0.0,0.0,0.0
2019-05-22 00:00:00,1.0176,1.0176,-0.03,0.0,0.0,0.0,0.0,0.0,0.0,-0.0
2019-05-23 00:00:00,1.0122,1.0122,-0.53,0.0,0.0,0.0,0.0,0.0,0.0,-0.0
2019-05-24 00:00:00,1.0123,1.0123,0.01,0.0,0.0,0.0,0.0,0.0,0.0,0.0
2019-05-27 00:00:00,1.0152,1.0152,0.29,0.0,0.0,0.0,0.0,0.0,0.0,0.0
2019-05-28 00:00:00,1.0171,1.0171,0.19,0.0,0.0,0.0,0.0,0.0,0.0,0.0
2019-05-29 00:00:00,1.0167,1.0167,-0.04,0.0,0.0,0.0,0.0,0.0,0.0,-0.0
2019-05-30 00:00:00,1.0151,1.0151,-0.16,0.0,0.0,0.0,0.0,0.0,0.0,-0.0
2019-05-31 00:00:00,1.0151,1.0151,0.0,0.0,0.0,0.0,0.0,0.0,0.0,0.0
2019-06-03 00:00:00,1.0137,1.0137,-0.14,0.0,0.0,0.0,0.0,0.0,0.0,-0.0
2019-06-04 00:00:00,1.0103,1.0103,-0.34,0.0,0.0,0.0,0.0,0.0,0.0,-0.0
2019-06-05 00:00:00,1.0105,1.0105,0.02,0.0,0.0,0.0,0.0,0.0,0.0,0.0
2019-06-06 00:00:00,1.0076,1.0076,-0.29,0.0,0.0,0.0,0.0,0.0,0.0,-0.0
2019-06-10 00:00:00,1.0113,1.0113,0.37,0.0,0.0,0.0,0.0,0.0,0.0,0.0
2019-06-11 00:00:00,1.0191,1.0191,0.77,0.0,0.0,0.0,0.0,0.0,0.0,0.0
2019-06-12 00:00:00,1.0171,1.0171,-0.2,0.0,0.0,0.0,0.0,0.0,0.0,-0.0
2019-06-13 00:00:00,1.0166,1.0166,-0.05,0.0,0.0,0.0,0.0,0.0,0.0,-0.0
2019-06-14 00:00:00,1.0147,1.0147,-0.19,0.0,0.0,0.0,0.0,0.0,0.0,-0.0
2019-06-17 00:00:00,1.014,1.014,-0.07,0.0,0.0,0.0,0.0,0.0,0.0,-0.0
2019-06-18 00:00:00,1.0149,1.0149,0.09,0.0,0.0,0.0,0.0,0.0,0.0,0.0
2019-06-19 00:00:00,1.0176,1.0176,0.27,0.0,0.0,0.0,0.0,0.0,0.0,0.0
2019-06-20 00:00:00,1.0248,1.0248,0.71,0.0,0.0,0.0,0.0,0.0,0.0,0.0
2019-06-21 00:00:00,1.0266,1.0266,0.18,0.0,0.0,0.0,0.0,0.0,0.0,0.0
2019-06-24 00:00:00,1.0273,1.0273,0.07,0.0,0.0,0.0,0.0,0.0,0.0,0.0
2019-06-25 00:00:00,1.0257,1.0257,-0.16,0.0,0.0,0.0,0.0,0.0,0.0,-0.0
2019-06-26 00:00:00,1.0271,1.0271,0.14,0.0,0.0,0.0,0.0,0.0,0.0,0.0
2019-06-27 00:00:00,1.0306,1.0306,0.34,0.0,0.0,0.0,0.0,0.0,0.0,0.0
2019-06-28 00:00:00,1.0304,1.0304,-0.02,0.0,0.0,0.0,0.0,0.0,0.0,-0.0
2019-06-30 00:00:00,1.0304,1.0304,0.0,0.0,0.0,0.0,0.0,0.0,0.0,0.0
2019-07-01 00:00:00,1.0379,1.0379,0.73,0.0,0.0,0.0,0.0,0.0,0.0,0.0
2019-07-02 00:00:00,1.0388,1.0388,0.09,0.0,0.0,0.0,0.0,0.0,0.0,0.0
2019-07-03 00:00:00,1.0356,1.0356,-0.31,0.0,0.0,0.0,0.0,0.0,0.0,-0.0
2019-07-04 00:00:00,1.0334,1.0334,-0.21,0.0,0.0,0.0,0.0,0.0,0.0,-0.0
2019-07-05 00:00:00,1.0357,1.0357,0.22,0.0,0.0,0.0,0.0,0.0,0.0,0.0
2019-07-08 00:00:00,1.0303,1.0303,-0.52,0.0,0.0,0.0,0.0,0.0,0.0,-0.0
2019-07-09 00:00:00,1.0301,1.0301,-0.02,0.0,0.0,0.0,0.0,0.0,0.0,-0.0
2019-07-10 00:00:00,1.0303,1.0303,0.02,0.0,0.0,0.0,0.0,0.0,0.0,0.0
2019-07-11 00:00:00,1.0299,1.0299,-0.04,0.0,0.0,0.0,0.0,0.0,0.0,-0.0
2019-07-12 00:00:00,1.0316,1.0316,0.17,0.0,0.0,0.0,0.0,0.0,0.0,0.0
2019-07-15 00:00:00,1.0331,1.0331,0.15,0.0,0.0,0.0,0.0,0.0,0.0,0.0
2019-07-16 00:00:00,1.0317,1.0317,-0.14,0.0,0.0,0.0,0.0,0.0,0.0,-0.0
2019-07-17 00:00:00,1.0314,1.0314,-0.03,0.0,0.0,0.0,0.0,0.0,0.0,-0.0
2019-07-18 00:00:00,1.0283,1.0283,-0.3,0.0,0.0,0.0,0.0,0.0,0.0,-0.0
2019-07-19 00:00:00,1.0303,1.0303,0.19,0.0,0.0,0.0,0.0,0.0,0.0,0.0
2019-07-22 00:00:00,1.0299,1.0299,-0.04,0.0,0.0,0.0,0.0,0.0,0.0,-0.0
2019-07-23 00:00:00,1.0316,1.0316,0.17,0.0,0.0,0.0,0.0,0.0,0.0,0.0
2019-07-24 00:00:00,1.0347,1.0347,0.3,0.0,0.0,0.0,0.0,0.0,0.0,0.0
2019-07-25 00:00:00,1.037,1.037,0.22,0.0,0.0,0.0,0.0,0.0,0.0,0.0
2019-07-26 00:00:00,1.0386,1.0386,0.15,0.0,0.0,0.0,0.0,0.0,0.0,0.0
2019-07-29 00:00:00,1.0391,1.0391,0.05,0.0,0.0,0.0,0.0,0.0,0.0,0.0
2019-07-30 00:00:00,1.0399,1.0399,0.08,0.0,0.0,0.0,0.0,0.0,0.0,0.0
2019-07-31 00:00:00,1.0387,1.0387,-0.12,0.0,0.0,0.0,0.0,0.0,0.0,-0.0
2019-08-01 00:00:00,1.0369,1.0369,-0.17,0.0,0.0,0.0,0.0,0.0,0.0,-0.0
2019-08-02 00:00:00,1.035,1.035,-0.18,0.0,0.0,0.0,0.0,0.0,0.0,-0.0
2019-08-05 00:00:00,1.0312,1.0312,-0.37,0.0,0.0,0.0,0.0,0.0,0.0,-0.0
2019-08-06 00:00:00,1.0299,1.0299,-0.13,0.0,0.0,0.0,0.0,0.0,0.0,-0.0
2019-08-07 00:00:00,1.03,1.03,0.01,0.0,0.0,0.0,0.0,0.0,0.0,0.0
2019-08-08 00:00:00,1.0344,1.0344,0.43,0.0,0.0,0.0,0.0,0.0,0.0,0.0
2019-08-09 00:00:00,1.0325,1.0325,-0.18,0.0,0.0,0.0,0.0,0.0,0.0,-0.0
2019-08-12 00:00:00,1.0387,1.0387,0.6,0.0,0.0,0.0,0.0,0.0,0.0,0.0
2019-08-13 00:00:00,1.0386,1.0386,-0.01,0.0,0.0,0.0,0.0,0.0,0.0,-0.0
2019-08-14 00:00:00,1.0397,1.0397,0.11,0.0,0.0,0.0,0.0,0.0,0.0,0.0
2019-08-15 00:00:00,1.042,1.042,0.22,0.0,0.0,0.0,0.0,0.0,0.0,0.0
2019-08-16 00:00:00,1.0439,1.0439,0.18,0.0,0.0,0.0,0.0,0.0,0.0,0.0
2019-08-19 00:00:00,1.0503,1.0503,0.61,0.0,0.0,0.0,0.0,0.0,0.0,0.0
2019-08-20 00:00:00,1.05,1.05,-0.03,0.0,0.0,0.0,0.0,0.0,0.0,-0.0
2019-08-21 00:00:00,1.05,1.05,0.0,0.0,0.0,0.0,0.0,0.0,0.0,0.0
2019-08-22 00:00:00,1.0505,1.0505,0.05,0.0,0.0,0.0,0.0,0.0,0.0,0.0
2019-08-23 00:00:00,1.0529,1.0529,0.23,0.0,0.0,0.0,0.0,0.0,0.0,0.0
2019-08-26 00:00:00,1.0518,1.0518,-0.1,0.0,0.0,0.0,0.0,0.0,0.0,-0.0
2019-08-27 00:00:00,1.0552,1.0552,0.32,0.0,0.0,0.0,0.0,0.0,0.0,0.0
2019-08-28 00:00:00,1.0543,1.0543,-0.09,0.0,0.0,0.0,0.0,0.0,0.0,-0.0
2019-08-29 00:00:00,1.0551,1.0551,0.08,0.0,0.0,0.0,0.0,0.0,0.0,0.0
2019-08-30 00:00:00,1.0547,1.0547,-0.04,0.0,0.0,0.0,0.0,0.0,0.0,-0.0
2019-09-02 00:00:00,1.0595,1.0595,0.46,0.0,0.0,0.0,0.0,0.0,0.0,0.0
2019-09-03 00:00:00,1.0604,1.0604,0.08,0.0,0.0,0.0,0.0,0.0,0.0,0.0
2019-09-04 00:00:00,1.0613,1.0613,0.08,0.0,0.0,0.0,0.0,0.0,0.0,0.0
2019-09-05 00:00:00,1.0641,1.0641,0.26,0.0,0.0,0.0,0.0,0.0,0.0,0.0
2019-09-06 00:00:00,1.0633,1.0633,-0.08,0.0,0.0,0.0,0.0,0.0,0.0,-0.0
2019-09-09 00:00:00,1.0675,1.0675,0.39,0.0,0.0,0.0,0.0,0.0,0.0,0.0
2019-09-10 00:00:00,1.0653,1.0653,-0.21,0.0,0.0,0.0,0.0,0.0,0.0,-0.0
2019-09-11 00:00:00,1.0613,1.0613,-0.38,0.0,0.0,0.0,0.0,0.0,0.0,-0.0
2019-09-12 00:00:00,1.0635,1.0635,0.21,0.0,0.0,0.0,0.0,0.0,0.0,0.0
2019-09-16 00:00:00,1.0635,1.0635,0.0,0.0,0.0,0.0,0.0,0.0,0.0,0.0
2019-09-17 00:00:00,1.0595,1.0595,-0.38,0.0,0.0,0.0,0.0,0.0,0.0,-0.0
2019-09-18 00:00:00,1.0621,1.0621,0.25,0.0,0.0,0.0,0.0,0.0,0.0,0.0
2019-09-19 00:00:00,1.0643,1.0643,0.21,0.0,0.0,0.0,0.0,0.0,0.0,0.0
2019-09-20 00:00:00,1.0656,1.0656,0.12,0.0,0.0,0.0,0.0,0.0,0.0,0.0
2019-09-23 00:00:00,1.0635,1.0635,-0.2,0.0,0.0,0.0,0.0,0.0,0.0,-0.0
2019-09-24 00:00:00,1.066,1.066,0.24,0.0,0.0,0.0,0.0,0.0,0.0,0.0
2019-09-25 00:00:00,1.0632,1.0632,-0.26,0.0,0.0,0.0,0.0,0.0,0.0,-0.0
2019-09-26 00:00:00,1.0591,1.0591,-0.39,0.0,0.0,0.0,0.0,0.0,0.0,-0.0
2019-09-27 00:00:00,1.0601,1.0601,0.09,0.0,0.0,0.0,0.0,0.0,0.0,0.0
2019-09-30 00:00:00,1.0569,1.0569,-0.3,0.0,0.0,0.0,0.0,0.0,0.0,-0.0
2019-10-08 00:00:00,1.0579,1.0579,0.09,0.0,0.0,0.0,0.0,0.0,0.0,0.0
2019-10-09 00:00:00,1.0592,1.0592,0.12,0.0,0.0,0.0,0.0,0.0,0.0,0.0
2019-10-10 00:00:00,1.064,1.064,0.45,0.0,0.0,0.0,0.0,0.0,0.0,0.0
2019-10-11 00:00:00,1.0661,1.0661,0.2,0.0,0.0,0.0,0.0,0.0,0.0,0.0
2019-10-14 00:00:00,1.0681,1.0681,0.19,0.0,0.0,0.0,0.0,0.0,0.0,0.0
2019-10-15 00:00:00,1.0664,1.0664,-0.16,0.0,0.0,0.0,0.0,0.0,0.0,-0.0
2019-10-16 00:00:00,1.0655,1.0655,-0.08,0.0,0.0,0.0,0.0,0.0,0.0,-0.0
2019-10-17 00:00:00,1.0668,1.0668,0.12,0.0,0.0,0.0,0.0,0.0,0.0,0.0
2019-10-18 00:00:00,1.063,1.063,-0.36,0.0,0.0,0.0,0.0,0.0,0.0,-0.0
2019-10-21 00:00:00,1.0616,1.0616,-0.13,0.0,0.0,0.0,0.0,0.0,0.0,-0.0
2019-10-22 00:00:00,1.0636,1.0636,0.19,0.0,0.0,0.0,0.0,0.0,0.0,0.0
2019-10-23 00:00:00,1.0606,1.0606,-0.28,0.0,0.0,0.0,0.0,0.0,0.0,-0.0
2019-10-24 00:00:00,1.0596,1.0596,-0.09,0.0,0.0,0.0,0.0,0.0,0.0,-0.0
2019-10-25 00:00:00,1.0626,1.0626,0.28,0.0,0.0,0.0,0.0,0.0,0.0,0.0
2019-10-28 00:00:00,1.0671,1.0671,0.42,0.0,0.0,0.0,0.0,0.0,0.0,0.0
2019-10-29 00:00:00,1.0655,1.0655,-0.15,0.0,0.0,0.0,0.0,0.0,0.0,-0.0
2019-10-30 00:00:00,1.0644,1.0644,-0.1,0.0,0.0,0.0,0.0,0.0,0.0,-0.0
2019-10-31 00:00:00,1.0641,1.0641,-0.03,0.0,0.0,0.0,0.0,0.0,0.0,-0.0
2019-11-01 00:00:00,1.0683,1.0683,0.39,0.0,0.0,0.0,0.0,0.0,0.0,0.0
2019-11-04 00:00:00,1.0718,1.0718,0.33,0.0,0.0,0.0,0.0,0.0,0.0,0.0
2019-11-05 00:00:00,1.0742,1.0742,0.22,0.0,0.0,0.0,0.0,0.0,0.0,0.0
2019-11-06 00:00:00,1.0722,1.0722,-0.19,0.0,0.0,0.0,0.0,0.0,0.0,-0.0
2019-11-07 00:00:00,1.074,1.074,0.17,0.0,0.0,0.0,0.0,0.0,0.0,0.0
2019-11-08 00:00:00,1.0732,1.0732,-0.07,0.0,0.0,0.0,0.0,0.0,0.0,-0.0
2019-11-11 00:00:00,1.0677,1.0677,-0.51,0.0,0.0,0.0,0.0,0.0,0.0,-0.0
2019-11-12 00:00:00,1.0673,1.0673,-0.04,0.0,0.0,0.0,0.0,0.0,0.0,-0.0
2019-11-13 00:00:00,1.0702,1.0702,0.27,0.0,0.0,0.0,0.0,0.0,0.0,0.0
2019-11-14 00:00:00,1.0727,1.0727,0.23,0.0,0.0,0.0,0.0,0.0,0.0,0.0
2019-11-15 00:00:00,1.0708,1.0708,-0.18,0.0,0.0,0.0,0.0,0.0,0.0,-0.0
2019-11-18 00:00:00,1.0721,1.0721,0.12,0.0,0.0,0.0,0.0,0.0,0.0,0.0
2019-11-19 00:00:00,1.0776,1.0776,0.51,0.0,0.0,0.0,0.0,0.0,0.0,0.0
2019-11-20 00:00:00,1.0761,1.0761,-0.14,0.0,0.0,0.0,0.0,0.0,0.0,-0.0
2019-11-21 00:00:00,1.074,1.074,-0.2,0.0,0.0,0.0,0.0,0.0,0.0,-0.0
2019-11-22 00:00:00,1.0683,1.0683,-0.53,0.0,0.0,0.0,0.0,0.0,0.0,-0.0
2019-11-25 00:00:00,1.0665,1.0665,-0.17,0.0,0.0,0.0,0.0,0.0,0.0,-0.0
2019-11-26 00:00:00,1.0673,1.0673,0.08,0.0,0.0,0.0,0.0,0.0,0.0,0.0
2019-11-27 00:00:00,1.0668,1.0668,-0.05,0.0,0.0,0.0,0.0,0.0,0.0,-0.0
2019-11-28 00:00:00,1.0658,1.0658,-0.09,0.0,0.0,0.0,0.0,0.0,0.0,-0.0
2019-11-29 00:00:00,1.0626,1.0626,-0.3,0.0,0.0,0.0,0.0,0.0,0.0,-0.0
2019-12-02 00:00:00,1.063,1.063,0.04,0.0,0.0,0.0,0.0,0.0,0.0,0.0
2019-12-03 00:00:00,1.0642,1.0642,0.11,0.0,0.0,0.0,0.0,0.0,0.0,0.0
2019-12-04 00:00:00,1.0646,1.0646,0.04,0.0,0.0,0.0,0.0,0.0,0.0,0.0
2019-12-05 00:00:00,1.0683,1.0683,0.35,0.0,0.0,0.0,0.0,0.0,0.0,0.0
2019-12-06 00:00:00,1.0709,1.0709,0.24,0.0,0.0,0.0,0.0,0.0,0.0,0.0
2019-12-09 00:00:00,1.0708,1.0708,-0.01,0.0,0.0,0.0,0.0,0.0,0.0,-0.0
2019-12-10 00:00:00,1.0727,1.0727,0.18,0.0,0.0,0.0,0.0,0.0,0.0,0.0
2019-12-11 00:00:00,1.0721,1.0721,-0.06,0.0,0.0,0.0,0.0,0.0,0.0,-0.0
2019-12-12 00:00:00,1.0717,1.0717,-0.04,0.0,0.0,0.0,0.0,0.0,0.0,-0.0
2019-12-13 00:00:00,1.0781,1.0781,0.6,0.0,0.0,0.0,0.0,0.0,0.0,0.0
2019-12-16 00:00:00,1.0815,1.0815,0.32,0.0,0.0,0.0,0.0,0.0,0.0,0.0
2019-12-17 00:00:00,1.0858,1.0858,0.4,0.0,0.0,0.0,0.0,0.0,0.0,0.0
2019-12-18 00:00:00,1.0847,1.0847,-0.1,0.0,0.0,0.0,0.0,0.0,0.0,-0.0
2019-12-19 00:00:00,1.0842,1.0842,-0.05,0.0,0.0,0.0,0.0,0.0,0.0,-0.0
2019-12-20 00:00:00,1.0824,1.0824,-0.17,0.0,0.0,0.0,0.0,0.0,0.0,-0.0
2019-12-23 00:00:00,1.0792,1.0792,-0.3,0.0,0.0,0.0,0.0,0.0,0.0,-0.0
2019-12-24 00:00:00,1.0846,1.0846,0.5,0.0,0.0,0.0,0.0,0.0,0.0,0.0
2019-12-25 00:00:00,1.0862,1.0862,0.15,0.0,0.0,0.0,0.0,0.0,0.0,0.0
2019-12-26 00:00:00,1.0896,1.0896,0.31,0.0,0.0,0.0,0.0,0.0,0.0,0.0
2019-12-27 00:00:00,1.0888,1.0888,-0.07,0.0,0.0,0.0,0.0,0.0,0.0,-0.0
2019-12-30 00:00:00,1.0929,1.0929,0.38,0.0,0.0,0.0,0.0,0.0,0.0,0.0
2019-12-31 00:00:00,1.0954,1.0954,0.23,0.0,0.0,0.0,0.0,0.0,0.0,0.0
2020-01-02 00:00:00,1.1016,1.1016,0.57,0.0,0.0,0.0,0.0,0.0,0.0,0.0
2020-01-03 00:00:00,1.1019,1.1019,0.03,0.0,0.0,0.0,0.0,0.0,0.0,0.0
2020-01-06 00:00:00,1.1038,1.1038,0.17,0.0,0.0,0.0,0.0,0.0,0.0,0.0
2020-01-07 00:00:00,1.1068,1.1068,0.27,0.0,0.0,0.0,0.0,0.0,0.0,0.0
2020-01-08 00:00:00,1.1022,1.1022,-0.42,0.0,0.0,0.0,0.0,0.0,0.0,-0.0
2020-01-09 00:00:00,1.1083,1.1083,0.55,0.0,0.0,0.0,0.0,0.0,0.0,0.0
2020-01-10 00:00:00,1.1083,1.1083,0.0,0.0,0.0,0.0,0.0,0.0,0.0,0.0
2020-01-13 00:00:00,1.1139,1.1139,0.51,0.0,0.0,0.0,0.0,0.0,0.0,0.0
2020-01-14 00:00:00,1.1137,1.1137,-0.02,0.0,0.0,0.0,0.0,0.0,0.0,-0.0
2020-01-15 00:00:00,1.1106,1.1106,-0.28,0.0,0.0,0.0,0.0,0.0,0.0,-0.0
2020-01-16 00:00:00,1.1093,1.1093,-0.12,0.0,0.0,0.0,0.0,0.0,0.0,-0.0
2020-01-17 00:00:00,1.1099,1.1099,0.05,0.0,0.0,0.0,0.0,0.0,0.0,0.0
2020-01-20 00:00:00,1.1187,1.1187,0.79,0.0,0.0,0.0,0.0,0.0,0.0,0.0
2020-01-21 00:00:00,1.1138,1.1138,-0.44,0.0,0.0,0.0,0.0,0.0,0.0,-0.0
2020-01-22 00:00:00,1.1198,1.1198,0.54,0.0,0.0,0.0,0.0,0.0,0.0,0.0
2020-01-23 00:00:00,1.1041,1.1041,-1.4,0.0,0.0,0.0,0.0,0.0,0.0,-0.0
2020-02-03 00:00:00,1.0659,1.0659,-3.46,0.0,0.0,0.0,0.0,0.0,0.0,-0.0
2020-02-04 00:00:00,1.087,1.087,1.98,0.0,0.0,0.0,0.0,0.0,0.0,0.0
2020-02-05 00:00:00,1.0961,1.0961,0.84,0.0,0.0,0.0,0.0,0.0,0.0,0.0
2020-02-06 00:00:00,1.1086,1.1086,1.14,0.0,0.0,0.0,0.0,0.0,0.0,0.0
2020-02-07 00:00:00,1.1088,1.1088,0.02,0.0,0.0,0.0,0.0,0.0,0.0,0.0
2020-02-10 00:00:00,1.1153,1.1153,0.59,0.0,0.0,0.0,0.0,0.0,0.0,0.0
2020-02-11 00:00:00,1.1185,1.1185,0.29,0.0,0.0,0.0,0.0,0.0,0.0,0.0
2020-02-12 00:00:00,1.1303,1.1303,1.05,0.0,0.0,0.0,0.0,0.0,0.0,0.0
2020-02-13 00:00:00,1.1278,1.1278,-0.22,0.0,0.0,0.0,0.0,0.0,0.0,-0.0
2020-02-14 00:00:00,1.1281,1.1281,0.03,0.0,0.0,0.0,0.0,0.0,0.0,0.0
2020-02-17 00:00:00,1.1425,1.1425,1.28,0.0,0.0,0.0,0.0,0.0,0.0,0.0
2020-02-18 00:00:00,1.1456,1.1456,0.27,0.0,0.0,0.0,0.0,0.0,0.0,0.0
2020-02-19 00:00:00,1.1398,1.1398,-0.51,0.0,0.0,0.0,0.0,0.0,0.0,-0.0
2020-02-20 00:00:00,1.1504,1.1504,0.93,0.0,0.0,0.0,0.0,0.0,0.0,0.0
2020-02-21 00:00:00,1.157,1.157,0.57,0.0,0.0,0.0,0.0,0.0,0.0,0.0
2020-02-24 00:00:00,1.1603,1.1603,0.29,0.0,0.0,0.0,0.0,0.0,0.0,0.0
2020-02-25 00:00:00,1.162,1.162,0.15,0.0,0.0,0.0,0.0,0.0,0.0,0.0
2020-02-26 00:00:00,1.145,1.145,-1.46,0.0,0.0,0.0,0.0,0.0,0.0,-0.0
2020-02-27 00:00:00,1.148,1.148,0.26,0.0,0.0,0.0,0.0,0.0,0.0,0.0
2020-02-28 00:00:00,1.1258,1.1258,-1.93,0.0,0.0,0.0,0.0,0.0,0.0,-0.0
2020-03-02 00:00:00,1.1408,1.1408,1.33,0.0,0.0,0.0,0.0,0.0,0.0,0.0
2020-03-03 00:00:00,1.1468,1.1468,0.53,0.0,0.0,0.0,0.0,0.0,0.0,0.0
2020-03-04 00:00:00,1.1462,1.1462,-0.05,0.0,0.0,0.0,0.0,0.0,0.0,-0.0
2020-03-05 00:00:00,1.1543,1.1543,0.71,0.0,0.0,0.0,0.0,0.0,0.0,0.0
2020-03-06 00:00:00,1.1491,1.1491,-0.45,0.0,0.0,0.0,0.0,0.0,0.0,-0.0
2020-03-09 00:00:00,1.1264,1.1264,-1.98,0.0,0.0,0.0,0.0,0.0,0.0,-0.0
2020-03-10 00:00:00,1.1379,1.1379,1.02,0.0,0.0,0.0,0.0,0.0,0.0,0.0
2020-03-11 00:00:00,1.1307,1.1307,-0.63,0.0,0.0,0.0,0.0,0.0,0.0,-0.0
2020-03-12 00:00:00,1.1201,1.1201,-0.94,0.0,0.0,0.0,0.0,0.0,0.0,-0.0
2020-03-13 00:00:00,1.1141,1.1141,-0.54,0.0,0.0,0.0,0.0,0.0,0.0,-0.0
2020-03-16 00:00:00,1.0903,1.0903,-2.14,0.0,0.0,0.0,0.0,0.0,0.0,-0.0
2020-03-17 00:00:00,1.0876,1.0876,-0.25,0.0,0.0,0.0,0.0,0.0,0.0,-0.0
2020-03-18 00:00:00,1.0826,1.0826,-0.46,0.0,0.0,0.0,0.0,0.0,0.0,-0.0
2020-03-19 00:00:00,1.0807,1.0807,-0.18,0.0,0.0,0.0,0.0,0.0,0.0,-0.0
2020-03-20 00:00:00,1.09,1.09,0.86,0.0,0.0,0.0,0.0,0.0,0.0,0.0
2020-03-23 00:00:00,1.0715,1.0715,-1.7,0.0,0.0,0.0,0.0,0.0,0.0,-0.0
2020-03-24 00:00:00,1.0817,1.0817,0.95,0.0,0.0,0.0,0.0,0.0,0.0,0.0
2020-03-25 00:00:00,1.0971,1.0971,1.42,0.0,0.0,0.0,0.0,0.0,0.0,0.0
2020-03-26 00:00:00,1.0936,1.0936,-0.32,0.0,0.0,0.0,0.0,0.0,0.0,-0.0
2020-03-27 00:00:00,1.0927,1.0927,-0.08,0.0,0.0,0.0,0.0,0.0,0.0,-0.0
2020-03-30 00:00:00,1.0851,1.0851,-0.7,0.0,0.0,0.0,0.0,0.0,0.0,-0.0
2020-03-31 00:00:00,1.0864,1.0864,0.12,0.0,0.0,0.0,0.0,0.0,0.0,0.0
2020-04-01 00:00:00,1.0854,1.0854,-0.09,0.0,0.0,0.0,0.0,0.0,0.0,-0.0
2020-04-02 00:00:00,1.0941,1.0941,0.8,0.0,0.0,0.0,0.0,0.0,0.0,0.0
2020-04-03 00:00:00,1.0921,1.0921,-0.18,0.0,0.0,0.0,0.0,0.0,0.0,-0.0
2020-04-07 00:00:00,1.1056,1.1056,1.24,0.0,0.0,0.0,0.0,0.0,0.0,0.0
2020-04-08 00:00:00,1.1042,1.1042,-0.13,0.0,0.0,0.0,0.0,0.0,0.0,-0.0
2020-04-09 00:00:00,1.1079,1.1079,0.34,0.0,0.0,0.0,0.0,0.0,0.0,0.0
2020-04-10 00:00:00,1.1014,1.1014,-0.59,0.0,0.0,0.0,0.0,0.0,0.0,-0.0
2020-04-13 00:00:00,1.0971,1.0971,-0.39,0.0,0.0,0.0,0.0,0.0,0.0,-0.0
2020-04-14 00:00:00,1.1069,1.1069,0.89,0.0,0.0,0.0,0.0,0.0,0.0,0.0
2020-04-15 00:00:00,1.1052,1.1052,-0.15,0.0,0.0,0.0,0.0,0.0,0.0,-0.0
2020-04-16 00:00:00,1.1091,1.1091,0.35,0.0,0.0,0.0,0.0,0.0,0.0,0.0
2020-04-17 00:00:00,1.1123,1.1123,0.29,0.0,0.0,0.0,0.0,0.0,0.0,0.0
2020-04-20 00:00:00,1.1154,1.1154,0.28,0.0,0.0,0.0,0.0,0.0,0.0,0.0
2020-04-21 00:00:00,1.1114,1.1114,-0.36,0.0,0.0,0.0,0.0,0.0,0.0,-0.0
2020-04-22 00:00:00,1.1163,1.1163,0.44,0.0,0.0,0.0,0.0,0.0,0.0,0.0
2020-04-23 00:00:00,1.1163,1.1163,0.0,0.0,0.0,0.0,0.0,0.0,0.0,0.0
2020-04-24 00:00:00,1.1123,1.1123,-0.36,0.0,0.0,0.0,0.0,0.0,0.0,-0.0
2020-04-27 00:00:00,1.1138,1.1138,0.13,0.0,0.0,0.0,0.0,0.0,0.0,0.0
2020-04-28 00:00:00,1.1174,1.1174,0.32,0.0,0.0,0.0,0.0,0.0,0.0,0.0
2020-04-29 00:00:00,1.1179,1.1179,0.04,0.0,0.0,0.0,0.0,0.0,0.0,0.0
2020-04-30 00:00:00,1.1257,1.1257,0.7,0.0,0.0,0.0,0.0,0.0,0.0,0.0
2020-05-06 00:00:00,1.1314,1.1314,0.51,0.0,0.0,0.0,0.0,0.0,0.0,0.0
2020-05-07 00:00:00,1.1306,1.1306,-0.07,0.0,0.0,0.0,0.0,0.0,0.0,-0.0
2020-05-08 00:00:00,1.1344,1.1344,0.34,0.0,0.0,0.0,0.0,0.0,0.0,0.0
2020-05-11 00:00:00,1.131,1.131,-0.3,0.0,0.0,0.0,0.0,0.0,0.0,-0.0
2020-05-12 00:00:00,1.1339,1.1339,0.26,0.0,0.0,0.0,0.0,0.0,0.0,0.0
2020-05-13 00:00:00,1.138,1.138,0.36,0.0,0.0,0.0,0.0,0.0,0.0,0.0
2020-05-14 00:00:00,1.1319,1.1319,-0.54,0.0,0.0,0.0,0.0,0.0,0.0,-0.0
2020-05-15 00:00:00,1.134,1.134,0.19,0.0,0.0,0.0,0.0,0.0,0.0,0.0
2020-05-18 00:00:00,1.1305,1.1305,-0.31,0.0,0.0,0.0,0.0,0.0,0.0,-0.0
2020-05-19 00:00:00,1.1353,1.1353,0.42,0.0,0.0,0.0,0.0,0.0,0.0,0.0
2020-05-20 00:00:00,1.1318,1.1318,-0.31,0.0,0.0,0.0,0.0,0.0,0.0,-0.0
2020-05-21 00:00:00,1.1288,1.1288,-0.27,0.0,0.0,0.0,0.0,0.0,0.0,-0.0
2020-05-22 00:00:00,1.1218,1.1218,-0.62,0.0,0.0,0.0,0.0,0.0,0.0,-0.0
2020-05-25 00:00:00,1.1217,1.1217,-0.01,0.0,0.0,0.0,0.0,0.0,0.0,-0.0
2020-05-26 00:00:00,1.1292,1.1292,0.67,0.0,0.0,0.0,0.0,0.0,0.0,0.0
2020-05-27 00:00:00,1.1246,1.1246,-0.41,0.0,0.0,0.0,0.0,0.0,0.0,-0.0
2020-05-28 00:00:00,1.1236,1.1236,-0.09,0.0,0.0,0.0,0.0,0.0,0.0,-0.0
2020-05-29 00:00:00,1.1297,1.1297,0.54,0.0,0.0,0.0,0.0,0.0,0.0,0.0
2020-06-01 00:00:00,1.1404,1.1404,0.95,0.0,0.0,0.0,0.0,0.0,0.0,0.0
2020-06-02 00:00:00,1.137,1.137,-0.3,0.0,0.0,0.0,0.0,0.0,0.0,-0.0
2020-06-03 00:00:00,1.1352,1.1352,-0.16,0.0,0.0,0.0,0.0,0.0,0.0,-0.0
2020-06-04 00:00:00,1.1357,1.1357,0.04,0.0,0.0,0.0,0.0,0.0,0.0,0.0
2020-06-05 00:00:00,1.1362,1.1362,0.04,0.0,0.0,0.0,0.0,0.0,0.0,0.0
2020-06-08 00:00:00,1.1348,1.1348,-0.12,0.0,0.0,0.0,0.0,0.0,0.0,-0.0
2020-06-09 00:00:00,1.1392,1.1392,0.39,0.0,0.0,0.0,0.0,0.0,0.0,0.0
2020-06-10 00:00:00,1.1425,1.1425,0.29,0.0,0.0,0.0,0.0,0.0,0.0,0.0
2020-06-11 00:00:00,1.1409,1.1409,-0.14,0.0,0.0,0.0,0.0,0.0,0.0,-0.0
2020-06-12 00:00:00,1.1435,1.1435,0.23,0.0,0.0,0.0,0.0,0.0,0.0,0.0
2020-06-15 00:00:00,1.1408,1.1408,-0.24,0.0,0.0,0.0,0.0,0.0,0.0,-0.0
2020-06-16 00:00:00,1.1486,1.1486,0.68,0.0,0.0,0.0,0.0,0.0,0.0,0.0
2020-06-17 00:00:00,1.149,1.149,0.03,0.0,0.0,0.0,0.0,0.0,0.0,0.0
2020-06-18 00:00:00,1.1503,1.1503,0.11,0.0,0.0,0.0,0.0,0.0,0.0,0.0
2020-06-19 00:00:00,1.1587,1.1587,0.73,0.0,0.0,0.0,0.0,0.0,0.0,0.0
2020-06-22 00:00:00,1.1601,1.1601,0.12,0.0,0.0,0.0,0.0,0.0,0.0,0.0
2020-06-23 00:00:00,1.1653,1.1653,0.45,4309.97,5000.0,1.16,22.41,22.41,0.45,0.0
2020-06-24 00:00:00,1.1674,1.1674,0.18,4309.97,5000.0,1.16,31.46,31.46,0.63,9.05
2020-06-29 00:00:00,1.1661,1.1661,-0.11,4309.97,5000.0,1.16,25.86,25.86,0.52,-5.6
2020-06-30 00:00:00,1.1758,1.1758,0.83,4309.97,5000.0,1.16,67.66,67.66,1.35,41.81
2020-07-01 00:00:00,1.1783,1.1783,0.21,4309.97,5000.0,1.16,78.44,78.44,1.57,10.77
2020-07-02 00:00:00,1.1824,1.1824,0.35,4309.97,5000.0,1.16,96.11,96.11,1.92,17.67
2020-07-03 00:00:00,1.1875,1.1875,0.43,8520.5,10000.0,1.17,118.09,118.09,1.18,21.98
2020-07-06 00:00:00,1.2019,1.2019,1.21,8520.5,10000.0,1.17,240.79,240.79,2.41,122.7
2020-07-07 00:00:00,1.2143,1.2143,1.03,8520.5,10000.0,1.17,346.44,346.44,3.46,105.65
2020-07-08 00:00:00,1.2252,1.2252,0.9,8520.5,10000.0,1.17,439.32,439.32,4.39,92.87
2020-07-09 00:00:00,1.238,1.238,1.04,8520.5,10000.0,1.17,548.38,548.38,5.48,109.06
2020-07-10 00:00:00,1.2349,1.2349,-0.25,16618.32,20000.0,1.2,521.96,521.96,2.61,-26.41
2020-07-13 00:00:00,1.2561,1.2561,1.72,16618.32,20000.0,1.2,874.27,874.27,4.37,352.31
2020-07-14 00:00:00,1.2481,1.2481,-0.64,16618.32,20000.0,1.2,741.33,741.33,3.71,-132.95
2020-07-15 00:00:00,1.2405,1.2405,-0.61,16618.32,20000.0,1.2,615.03,615.03,3.08,-126.3
2020-07-16 00:00:00,1.2065,1.2065,-2.74,16618.32,20000.0,1.2,50.0,50.0,0.25,-565.02
2020-07-17 00:00:00,1.2109,1.2109,0.36,16618.32,20000.0,1.2,123.12,123.12,0.62,73.12
2020-07-20 00:00:00,1.2223,1.2223,0.94,16618.32,20000.0,1.2,312.57,312.57,1.56,189.45
2020-07-21 00:00:00,1.2297,1.2297,0.61,16618.32,20000.0,1.2,435.55,435.55,2.18,122.98
2020-07-22 00:00:00,1.2369,1.2369,0.59,16618.32,20000.0,1.2,555.2,555.2,2.78,119.65
2020-07-23 00:00:00,1.2415,1.2415,0.37,16618.32,20000.0,1.2,631.64,631.64,3.16,76.44
2020-07-24 00:00:00,1.2108,1.2108,-2.47,24877.32,30000.0,1.21,121.46,121.46,0.4,-510.18
2020-07-27 00:00:00,1.2119,1.2119,0.09,24877.32,30000.0,1.21,148.82,148.82,0.5,27.37
2020-07-28 00:00:00,1.2203,1.2203,0.69,24877.32,30000.0,1.21,357.79,357.79,1.19,208.97
2020-07-29 00:00:00,1.2372,1.2372,1.38,24877.32,30000.0,1.21,778.22,778.22,2.59,420.43
2020-07-30 00:00:00,1.2355,1.2355,-0.14,24877.32,30000.0,1.21,735.93,735.93,2.45,-42.29
2020-07-31 00:00:00,1.2445,1.2445,0.73,24877.32,30000.0,1.21,959.82,959.82,3.2,223.9
2020-08-03 00:00:00,1.259,1.259,1.17,24877.32,30000.0,1.21,1320.55,1320.55,4.4,360.72
2020-08-04 00:00:00,1.2536,1.2536,-0.43,24877.32,30000.0,1.21,1186.21,1186.21,3.95,-134.34
2020-08-05 00:00:00,1.2618,1.2618,0.65,24877.32,30000.0,1.21,1390.2,1390.2,4.63,203.99
2020-08-06 00:00:00,1.2587,1.2587,-0.25,24877.32,30000.0,1.21,1313.08,1313.08,4.38,-77.12
2020-08-07 00:00:00,1.2526,1.2526,-0.48,24877.32,30000.0,1.21,1161.33,1161.33,3.87,-151.75
2020-08-10 00:00:00,1.2492,1.2492,-0.27,24877.32,30000.0,1.21,1076.75,1076.75,3.59,-84.58
2020-08-11 00:00:00,1.2411,1.2411,-0.65,24877.32,30000.0,1.21,875.24,875.24,2.92,-201.51
2020-08-12 00:00:00,1.2308,1.2308,-0.83,24877.32,30000.0,1.21,619.01,619.01,2.06,-256.24
2020-08-13 00:00:00,1.2314,1.2314,0.05,28911.86,35000.0,1.21,602.06,602.06,1.72,14.93
2020-08-14 00:00:00,1.2393,1.2393,0.64,28911.86,35000.0,1.21,830.47,830.47,2.37,228.4
2020-08-17 00:00:00,1.2484,1.2484,0.73,28911.86,35000.0,1.21,1093.57,1093.57,3.12,263.1
2020-08-18 00:00:00,1.2528,1.2528,0.35,28911.86,35000.0,1.21,1220.78,1220.78,3.49,127.21
2020-08-19 00:00:00,1.2399,1.2399,-1.03,28911.86,35000.0,1.21,847.82,847.82,2.42,-372.96
2020-08-20 00:00:00,1.2311,1.2311,-0.71,28911.86,35000.0,1.21,593.39,593.39,1.7,-254.42
2020-08-21 00:00:00,1.2371,1.2371,0.49,28911.86,35000.0,1.21,766.86,766.86,2.19,173.47
2020-08-24 00:00:00,1.2431,1.2431,0.49,28911.86,35000.0,1.21,940.33,940.33,2.69,173.47
2020-08-25 00:00:00,1.2427,1.2427,-0.03,28911.86,35000.0,1.21,928.77,928.77,2.65,-11.56
2020-08-26 00:00:00,1.2331,1.2331,-0.77,28911.86,35000.0,1.21,651.21,651.21,1.86,-277.55
2020-08-27 00:00:00,1.2386,1.2386,0.45,28911.86,35000.0,1.21,810.23,810.23,2.31,159.02
2020-08-28 00:00:00,1.2504,1.2504,0.95,28911.86,35000.0,1.21,1151.39,1151.39,3.29,341.16
2020-08-31 00:00:00,1.2488,1.2488,-0.13,28911.86,35000.0,1.21,1105.13,1105.13,3.16,-46.26
2020-09-01 00:00:00,1.2536,1.2536,0.38,28911.86,35000.0,1.21,1243.91,1243.91,3.55,138.78
2020-09-02 00:00:00,1.254,1.254,0.03,28911.86,35000.0,1.21,1255.47,1255.47,3.59,11.56
2020-09-03 00:00:00,1.2493,1.2493,-0.37,28911.86,35000.0,1.21,1119.59,1119.59,3.2,-135.89
2020-09-04 00:00:00,1.2436,1.2436,-0.46,28911.86,35000.0,1.21,954.79,954.79,2.73,-164.8
2020-09-07 00:00:00,1.2266,1.2266,-1.37,28911.86,35000.0,1.21,463.29,463.29,1.32,-491.5
2020-09-08 00:00:00,1.2239,1.2239,-0.22,28911.86,35000.0,1.21,385.23,385.23,1.1,-78.06
2020-09-09 00:00:00,1.2088,1.2088,-1.23,37184.52,45000.0,1.21,-51.35,-51.35,-0.11,-436.57
2020-09-10 00:00:00,1.2069,1.2069,-0.16,37184.52,45000.0,1.21,-122.0,-122.0,-0.27,-70.65
2020-09-11 00:00:00,1.2159,1.2159,0.75,37184.52,45000.0,1.21,212.66,212.66,0.47,334.66
2020-09-14 00:00:00,1.2199,1.2199,0.33,37184.52,45000.0,1.21,361.4,361.4,0.8,148.74
2020-09-15 00:00:00,1.2248,1.2248,0.4,37184.52,45000.0,1.21,543.6,543.6,1.21,182.2
2020-09-16 00:00:00,1.2196,1.2196,-0.42,37184.52,45000.0,1.21,350.24,350.24,0.78,-193.36
2020-09-17 00:00:00,1.2185,1.2185,-0.09,37184.52,45000.0,1.21,309.34,309.34,0.69,-40.9
2020-09-18 00:00:00,1.2262,1.2262,0.63,37184.52,45000.0,1.21,595.66,595.66,1.32,286.32
2020-09-21 00:00:00,1.2225,1.2225,-0.3,37184.52,45000.0,1.21,458.08,458.08,1.02,-137.58
2020-09-22 00:00:00,1.2168,1.2168,-0.47,37184.52,45000.0,1.21,246.12,246.12,0.55,-211.95
2020-09-23 00:00:00,1.2217,1.2217,0.4,37184.52,45000.0,1.21,428.33,428.33,0.95,182.2
2020-09-24 00:00:00,1.2093,1.2093,-1.01,37184.52,45000.0,1.21,-32.76,-32.76,-0.07,-461.09
2020-09-25 00:00:00,1.2096,1.2096,0.02,37184.52,45000.0,1.21,-21.6,-21.6,-0.05,11.16
2020-09-28 00:00:00,1.2083,1.2083,-0.11,37184.52,45000.0,1.21,-69.94,-69.94,-0.16,-48.34
2020-09-29 00:00:00,1.2147,1.2147,0.53,37184.52,45000.0,1.21,168.04,168.04,0.37,237.98
2020-09-30 00:00:00,1.2174,1.2174,0.22,37184.52,45000.0,1.21,268.43,268.43,0.6,100.4
2020-10-09 00:00:00,1.2331,1.2331,1.29,37184.52,45000.0,1.21,852.23,852.23,1.89,583.8
2020-10-12 00:00:00,1.2493,1.2493,1.31,37184.52,45000.0,1.21,1454.62,1454.62,3.23,602.39
2020-10-13 00:00:00,1.2549,1.2549,0.45,37184.52,45000.0,1.21,1662.85,1662.85,3.7,208.23
2020-10-14 00:00:00,1.2516,1.2516,-0.26,37184.52,45000.0,1.21,1540.15,1540.15,3.42,-122.71
2020-10-15 00:00:00,1.247,1.247,-0.37,37184.52,45000.0,1.21,1369.1,1369.1,3.04,-171.05
2020-10-16 00:00:00,1.2423,1.2423,-0.38,37184.52,45000.0,1.21,1194.33,1194.33,2.65,-174.77
2020-10-19 00:00:00,1.2355,1.2355,-0.55,37184.52,45000.0,1.21,941.47,941.47,2.09,-252.85
2020-10-20 00:00:00,1.2446,1.2446,0.74,37184.52,45000.0,1.21,1279.85,1279.85,2.84,338.38
2020-10-21 00:00:00,1.2394,1.2394,-0.42,37184.52,45000.0,1.21,1086.49,1086.49,2.41,-193.36
2020-10-22 00:00:00,1.2377,1.2377,-0.14,37184.52,45000.0,1.21,1023.28,1023.28,2.27,-63.21
2020-10-23 00:00:00,1.2255,1.2255,-0.99,37184.52,45000.0,1.21,569.63,569.63,1.27,-453.65
2020-10-26 00:00:00,1.2282,1.2282,0.22,37184.52,45000.0,1.21,670.03,670.03,1.49,100.4
2020-10-27 00:00:00,1.2354,1.2354,0.59,37184.52,45000.0,1.21,937.76,937.76,2.08,267.73
2020-10-28 00:00:00,1.2417,1.2417,0.51,37184.52,45000.0,1.21,1172.02,1172.02,2.6,234.26
2020-10-29 00:00:00,1.246,1.246,0.35,37184.52,45000.0,1.21,1331.91,1331.91,2.96,159.89
2020-10-30 00:00:00,1.2364,1.2364,-0.77,37184.52,45000.0,1.21,974.94,974.94,2.17,-356.97
2020-11-02 00:00:00,1.2433,1.2433,0.56,37184.52,45000.0,1.21,1231.51,1231.51,2.74,256.57
2020-11-03 00:00:00,1.2495,1.2495,0.5,37184.52,45000.0,1.21,1462.06,1462.06,3.25,230.54
2020-11-04 00:00:00,1.2536,1.2536,0.33,37184.52,45000.0,1.21,1614.51,1614.51,3.59,152.46
2020-11-05 00:00:00,1.2644,1.2644,0.86,37184.52,45000.0,1.21,2016.11,2016.11,4.48,401.59
2020-11-06 00:00:00,1.2586,1.2586,-0.46,37184.52,45000.0,1.21,1800.44,1800.44,4.0,-215.67
2020-11-09 00:00:00,1.2704,1.2704,0.94,37184.52,45000.0,1.21,2239.21,2239.21,4.98,438.78
2020-11-10 00:00:00,1.2664,1.2664,-0.31,37184.52,45000.0,1.21,2090.48,2090.48,4.65,-148.74
2020-11-11 00:00:00,1.2572,1.2572,-0.73,37184.52,45000.0,1.21,1748.38,1748.38,3.89,-342.1
2020-11-12 00:00:00,1.2587,1.2587,0.12,37184.52,45000.0,1.21,1804.16,1804.16,4.01,55.78
2020-11-13 00:00:00,1.2548,1.2548,-0.31,37184.52,45000.0,1.21,1659.14,1659.14,3.69,-145.02
2020-11-16 00:00:00,1.2616,1.2616,0.54,40355.1,49000.0,1.21,1911.99,1911.99,3.9,252.85
2020-11-17 00:00:00,1.2541,1.2541,-0.59,40355.1,49000.0,1.21,1609.33,1609.33,3.28,-302.66
2020-11-18 00:00:00,1.249,1.249,-0.41,40355.1,49000.0,1.21,1403.52,1403.52,2.86,-205.81
2020-11-19 00:00:00,1.2537,1.2537,0.38,40355.1,49000.0,1.21,1593.19,1593.19,3.25,189.67
2020-11-20 00:00:00,1.257,1.257,0.26,40355.1,49000.0,1.21,1726.36,1726.36,3.52,133.17
2020-11-23 00:00:00,1.2644,1.2644,0.59,40355.1,49000.0,1.21,2024.99,2024.99,4.13,298.63
2020-11-24 00:00:00,1.2632,1.2632,-0.09,40355.1,49000.0,1.21,1976.56,1976.56,4.03,-48.43
2020-11-25 00:00:00,1.2513,1.2513,-0.94,40355.1,49000.0,1.21,1496.34,1496.34,3.05,-480.23
2020-11-26 00:00:00,1.2507,1.2507,-0.05,40355.1,49000.0,1.21,1472.12,1472.12,3.0,-24.21
2020-11-27 00:00:00,1.2551,1.2551,0.35,40355.1,49000.0,1.21,1649.69,1649.69,3.37,177.56
2020-11-30 00:00:00,1.2517,1.2517,-0.27,40355.1,49000.0,1.21,1512.48,1512.48,3.09,-137.21
2020-12-01 00:00:00,1.2623,1.2623,0.85,40355.1,49000.0,1.21,1940.24,1940.24,3.96,427.76
2020-12-02 00:00:00,1.2615,1.2615,-0.06,40355.1,49000.0,1.21,1907.96,1907.96,3.89,-32.28
2020-12-03 00:00:00,1.2613,1.2613,-0.02,40355.1,49000.0,1.21,1899.89,1899.89,3.88,-8.07
2020-12-04 00:00:00,1.2667,1.2667,0.43,40355.1,49000.0,1.21,2117.81,2117.81,4.32,217.92
2020-12-07 00:00:00,1.2654,1.2654,-0.1,40355.1,49000.0,1.21,2065.34,2065.34,4.21,-52.46
2020-12-08 00:00:00,1.2672,1.2672,0.14,40355.1,49000.0,1.21,2137.98,2137.98,4.36,72.64
2020-12-09 00:00:00,1.2596,1.2596,-0.6,44320.84,54000.0,1.22,1826.53,1826.53,3.38,-306.7
2020-12-10 00:00:00,1.2608,1.2608,0.1,44320.84,54000.0,1.22,1879.72,1879.72,3.48,53.19
2020-12-11 00:00:00,1.2548,1.2548,-0.48,48305.54,59000.0,1.22,1613.79,1613.79,2.74,-265.93
2020-12-14 00:00:00,1.263,1.263,0.65,48305.54,59000.0,1.22,2009.9,2009.9,3.41,396.11
2020-12-15 00:00:00,1.2645,1.2645,0.12,48305.54,59000.0,1.22,2082.36,2082.36,3.53,72.46
2020-12-16 00:00:00,1.2661,1.2661,0.13,48305.54,59000.0,1.22,2159.64,2159.64,3.66,77.29
2020-12-17 00:00:00,1.2723,1.2723,0.49,48305.54,59000.0,1.22,2459.14,2459.14,4.17,299.49
2020-12-18 00:00:00,1.2732,1.2732,0.07,48305.54,59000.0,1.22,2502.61,2502.61,4.24,43.47
2020-12-21 00:00:00,1.2863,1.2863,1.03,48305.54,59000.0,1.22,3135.42,3135.42,5.31,632.8
2020-12-22 00:00:00,1.2788,1.2788,-0.58,48305.54,59000.0,1.22,2773.12,2773.12,4.7,-362.29
2020-12-23 00:00:00,1.2875,1.2875,0.68,48305.54,59000.0,1.22,3193.38,3193.38,5.41,420.26
2020-12-24 00:00:00,1.2846,1.2846,-0.23,48305.54,59000.0,1.22,3053.3,3053.3,5.18,-140.09
2020-12-25 00:00:00,1.2944,1.2944,0.76,48305.54,59000.0,1.22,3526.69,3526.69,5.98,473.39
2020-12-28 00:00:00,1.2958,1.2958,0.11,48305.54,59000.0,1.22,3594.32,3594.32,6.09,67.63
2020-12-29 00:00:00,1.2871,1.2871,-0.67,48305.54,59000.0,1.22,3174.06,3174.06,5.38,-420.26
2020-12-30 00:00:00,1.3014,1.3014,1.11,48305.54,59000.0,1.22,3864.83,3864.83,6.55,690.77
2020-12-31 00:00:00,1.3161,1.3161,1.13,48305.54,59000.0,1.22,4574.92,4574.92,7.75,710.09
2021-01-04 00:00:00,1.3344,1.3344,1.39,48305.54,59000.0,1.22,5458.91,5458.91,9.25,883.99
2021-01-05 00:00:00,1.3469,1.3469,0.94,48305.54,59000.0,1.22,6062.73,6062.73,10.28,603.82
2021-01-06 00:00:00,1.349,1.349,0.16,48305.54,59000.0,1.22,6164.17,6164.17,10.45,101.44
2021-01-07 00:00:00,1.3597,1.3597,0.79,48305.54,59000.0,1.22,6681.04,6681.04,11.32,516.87
2021-01-08 00:00:00,1.3516,1.3516,-0.6,48305.54,59000.0,1.22,6289.77,6289.77,10.66,-391.27
2021-01-11 00:00:00,1.343,1.343,-0.64,48305.54,59000.0,1.22,5874.34,5874.34,9.96,-415.43
2021-01-12 00:00:00,1.3601,1.3601,1.27,48305.54,59000.0,1.22,6700.36,6700.36,11.36,826.02
2021-01-13 00:00:00,1.3515,1.3515,-0.63,48305.54,59000.0,1.22,6284.94,6284.94,10.65,-415.43
2021-01-14 00:00:00,1.3384,1.3384,-0.97,48305.54,59000.0,1.22,5652.13,5652.13,9.58,-632.8
2021-01-15 00:00:00,1.3396,1.3396,0.09,48305.54,59000.0,1.22,5710.1,5710.1,9.68,57.97
2021-01-18 00:00:00,1.3492,1.3492,0.72,48305.54,59000.0,1.22,6173.83,6173.83,10.46,463.73
2021-01-19 00:00:00,1.3395,1.3395,-0.72,48305.54,59000.0,1.22,5705.27,5705.27,9.67,-468.56
2021-01-20 00:00:00,1.3496,1.3496,0.75,48305.54,59000.0,1.22,6193.16,6193.16,10.5,487.89
2021-01-21 00:00:00,1.3607,1.3607,0.82,48305.54,59000.0,1.22,6729.35,6729.35,11.41,536.19
2021-01-22 00:00:00,1.3683,1.3683,0.56,48305.54,59000.0,1.22,7096.47,7096.47,12.03,367.12
2021-01-25 00:00:00,1.3758,1.3758,0.55,48305.54,59000.0,1.22,7458.76,7458.76,12.64,362.29
2021-01-26 00:00:00,1.3607,1.3607,-1.1,48305.54,59000.0,1.22,6729.35,6729.35,11.41,-729.41
2021-01-27 00:00:00,1.3601,1.3601,-0.04,48305.54,59000.0,1.22,6700.36,6700.36,11.36,-28.98
2021-01-28 00:00:00,1.3391,1.3391,-1.54,48305.54,59000.0,1.22,5685.95,5685.95,9.64,-1014.42
2021-01-29 00:00:00,1.3324,1.3324,-0.5,48305.54,59000.0,1.22,5362.3,5362.3,9.09,-323.65
2021-02-01 00:00:00,1.3408,1.3408,0.63,48305.54,59000.0,1.22,5768.07,5768.07,9.78,405.77
2021-02-02 00:00:00,1.3534,1.3534,0.94,48305.54,59000.0,1.22,6376.72,6376.72,10.81,608.65
2021-02-03 00:00:00,1.3535,1.3535,0.01,48305.54,59000.0,1.22,6381.55,6381.55,10.82,4.83
2021-02-04 00:00:00,1.3469,1.3469,-0.49,48305.54,59000.0,1.22,6062.73,6062.73,10.28,-318.82
2021-02-05 00:00:00,1.3431,1.3431,-0.28,48305.54,59000.0,1.22,5879.17,5879.17,9.96,-183.56
2021-02-08 00:00:00,1.3552,1.3552,0.9,48305.54,59000.0,1.22,6463.67,6463.67,10.96,584.5
2021-02-09 00:00:00,1.3707,1.3707,1.14,48305.54,59000.0,1.22,7212.4,7212.4,12.22,748.74
2021-02-10 00:00:00,1.3845,1.3845,1.01,48305.54,59000.0,1.22,7879.02,7879.02,13.35,666.62
2021-02-18 00:00:00,1.3802,1.3802,-0.31,48305.54,59000.0,1.22,7671.31,7671.31,13.0,-207.71
2021-02-19 00:00:00,1.3766,1.3766,-0.26,48305.54,59000.0,1.22,7497.41,7497.41,12.71,-173.9
2021-02-22 00:00:00,1.3594,1.3594,-1.25,48305.54,59000.0,1.22,6666.55,6666.55,11.3,-830.86
2021-02-23 00:00:00,1.3554,1.3554,-0.29,48305.54,59000.0,1.22,6473.33,6473.33,10.97,-193.22
2021-02-24 00:00:00,1.333,1.333,-1.65,48305.54,59000.0,1.22,5391.28,5391.28,9.14,-1082.04
2021-02-25 00:00:00,1.3325,1.3325,-0.04,48305.54,59000.0,1.22,5367.13,5367.13,9.1,-24.15
2021-02-26 00:00:00,1.3167,1.3167,-1.19,48305.54,59000.0,1.22,4603.9,4603.9,7.8,-763.23
2021-03-01 00:00:00,1.3303,1.3303,1.03,48305.54,59000.0,1.22,5260.86,5260.86,8.92,656.96
2021-03-02 00:00:00,1.3229,1.3229,-0.56,48305.54,59000.0,1.22,4903.4,4903.4,8.31,-357.46
2021-03-03 00:00:00,1.3327,1.3327,0.74,48305.54,59000.0,1.22,5376.79,5376.79,9.11,473.39
2021-03-04 00:00:00,1.3078,1.3078,-1.87,48305.54,59000.0,1.22,4173.99,4173.99,7.07,-1202.81
2021-03-05 00:00:00,1.3048,1.3048,-0.23,48305.54,59000.0,1.22,4029.07,4029.07,6.83,-144.92
2021-03-08 00:00:00,1.2818,1.2818,-1.76,48305.54,59000.0,1.22,2918.04,2918.04,4.95,-1111.03
2021-03-09 00:00:00,1.2697,1.2697,-0.94,48305.54,59000.0,1.22,2333.54,2333.54,3.96,-584.5
2021-03-10 00:00:00,1.276,1.276,0.5,48305.54,59000.0,1.22,2637.87,2637.87,4.47,304.32
2021-03-11 00:00:00,1.2926,1.2926,1.3,48305.54,59000.0,1.22,3439.74,3439.74,5.83,801.87
2021-03-12 00:00:00,1.2929,1.2929,0.02,48305.54,59000.0,1.22,3454.23,3454.23,5.85,14.49
2021-03-15 00:00:00,1.2792,1.2792,-1.06,48305.54,59000.0,1.22,2792.45,2792.45,4.73,-661.79
2021-03-16 00:00:00,1.2846,1.2846,0.42,48305.54,59000.0,1.22,3053.3,3053.3,5.18,260.85
2021-03-17 00:00:00,1.2897,1.2897,0.4,48305.54,59000.0,1.22,3299.65,3299.65,5.59,246.36
2021-03-18 00:00:00,1.2966,1.2966,0.54,48305.54,59000.0,1.22,3632.96,3632.96,6.16,333.31
2021-03-19 00:00:00,1.2823,1.2823,-1.1,48305.54,59000.0,1.22,2942.19,2942.19,4.99,-690.77
2021-03-22 00:00:00,1.2867,1.2867,0.34,48305.54,59000.0,1.22,3154.74,3154.74,5.35,212.54
2021-03-23 00:00:00,1.2778,1.2778,-0.69,48305.54,59000.0,1.22,2724.82,2724.82,4.62,-429.92
2021-03-24 00:00:00,1.2646,1.2646,-1.03,48305.54,59000.0,1.22,2087.19,2087.19,3.54,-637.63
2021-03-25 00:00:00,1.2672,1.2672,0.21,48305.54,59000.0,1.22,2212.78,2212.78,3.75,125.59
2021-03-26 00:00:00,1.282,1.282,1.17,48305.54,59000.0,1.22,2927.7,2927.7,4.96,714.92
2021-03-29 00:00:00,1.2839,1.2839,0.15,48305.54,59000.0,1.22,3019.48,3019.48,5.12,91.78
2021-03-30 00:00:00,1.2902,1.2902,0.49,48305.54,59000.0,1.22,3323.81,3323.81,5.63,304.32
2021-03-31 00:00:00,1.2858,1.2858,-0.34,48305.54,59000.0,1.22,3111.26,3111.26,5.27,-212.54
